{"HTML": ["https://www.oceanbase.com/docs/enterprise-oceanbase-database-cn-1000000000823365"], "Title": ["INTERVAL"], "Feature": ["INTERVAL(N,N1,N2,N3,...)\n"], "Description": ["返回 N 与其他参数组成的列表 N1,N2,... 的比较情况。本文以 N~1~、N~2~、....、N~n~ 分别表示参数 N1,N2...,Nn。", "依次将 N 与 N~n~ 进行比较：", "如果 N 为 NULL，则返回 NULL。", "如果 N 小于 N~1~，则返回 0。", "如果存在一正整数 n，对任意正整数 m 小于等于 n，都有 N 大于等于 N~m~，但 N 小于 N~n+1~，则返回 n。（如果 N~m~ 为 NULL，则也认为 N 大于等于 N~m~）。"], "Examples": ["obclient> SELECT INTERVAL(23, 1, 15, 17, 30, 44, 200);\n+--------------------------------------+\n| INTERVAL(23, 1, 15, 17, 30, 44, 200) |\n+--------------------------------------+\n|                                    3 |\n+--------------------------------------+\n1 row in set\n\nobclient> SELECT INTERVAL(23, 1, 15, 17, NULL, 44, 200);\n+----------------------------------------+\n| INTERVAL(23, 1, 15, 17, NULL, 44, 200) |\n+----------------------------------------+\n|                                      4 |\n+----------------------------------------+\n1 row in set\n\nobclient> SELECT INTERVAL(23, 1, 15, 17, 30, 17, 200);\n+--------------------------------------+\n| INTERVAL(23, 1, 15, 17, 30, 17, 200) |\n+--------------------------------------+\n|                                    3 |\n+--------------------------------------+\n1 row in set\n"], "Category": ["Comparison Functions"]}
{"HTML": ["https://www.oceanbase.com/docs/enterprise-oceanbase-database-cn-1000000000823367"], "Title": ["ISNULL"], "Feature": ["ISNULL(expr)\n"], "Description": ["如果参数 expr 为 NULL，那么 ISNULL() 的返回值为 1，否则返回值为 0。", "ISNULL() 函数可以用来代替等号（=）判断一个值是否为 NULL。（使用等号将一个值与 NULL 比较总是返回 NULL）ISNULL() 函数同 IS NULL 比较操作符具有一些相同的特性，有关比较操作符，请参见 比较运算符。"], "Examples": ["obclient> SELECT ISNULL(null), ISNULL('test'), ISNULL(123.456), ISNULL('10:00');\n+--------------+----------------+-----------------+-----------------+\n| ISNULL(null) | ISNULL('test') | ISNULL(123.456) | ISNULL('10:00') |\n+--------------+----------------+-----------------+-----------------+\n|            1 |              0 |               0 |               0 |\n+--------------+----------------+-----------------+-----------------+\n1 row in set\n\nobclient> SELECT ISNULL(null+1);\n+----------------+\n| ISNULL(null+1) |\n+----------------+\n|              1 |\n+----------------+\n1 row in set\n"], "Category": ["Comparison Functions"]}
{"HTML": ["https://www.oceanbase.com/docs/enterprise-oceanbase-database-cn-1000000000823364"], "Title": ["LEAST"], "Feature": ["LEAST(value1, ...)\n"], "Description": ["返回参数的最小值，和 GREATEST() 函数相对。", "参数至少为两个；如果参数中有 NULL，返回值为 NULL。", "当参数中同时存在数值和字符时，把字符隐式转换为数值类型处理，不能转换的报错。"], "Examples": ["obclient> SELECT LEAST(2, null), LEAST('2',4,9), LEAST('a','b','c'), LEAST('a',NULL,'c'), LEAST('2014-05-15','2014-06-01')\\G\n*************************** 1. row ***************************\n                  LEAST(2, null): NULL\n                  LEAST('2',4,9): 2\n              LEAST('a','b','c'): a\n             LEAST('a',NULL,'c'): NULL\nLEAST('2014-05-15','2014-06-01'): 2014-05-15\n1 row in set\n\nobclient> SELECT LEAST(2);\nERROR 1582 (42000): Incorrect parameter count in the call to native function 'LEAST'\n"], "Category": ["Comparison Functions"]}
{"HTML": ["https://www.oceanbase.com/docs/enterprise-oceanbase-database-cn-1000000000823366"], "Title": ["GREATEST"], "Feature": ["GREATEST(value1, ...)\n"], "Description": ["返回参数的最大值，和函数 LEAST() 相反。", "参数至少为两个（如果只提供一个参数，则会报错）。如果参数中有 NULL，则该函数返回为 NULL。", "当参数中同时存在数值和字符时，把字符隐式转换为数值类型处理，不能转换的报错。"], "Examples": ["obclient> SELECT GREATEST(2,1), GREATEST('2',1,0), GREATEST('a','b','c'), GREATEST('a', NULL, 'c'), GREATEST('2014-05-15','2014-06-01')\\G\n*************************** 1. row ***************************\n                      GREATEST(2,1): 2\n                  GREATEST('2',1,0): 2\n              GREATEST('a','b','c'): c\n           GREATEST('a', NULL, 'c'): NULL\nGREATEST('2014-05-15','2014-06-01'): 2014-06-01\n1 row in set\n\nobclient> SELECT GREATEST(2);\nERROR 1582 (42000): Incorrect parameter count in the call to native function 'greatest'\n"], "Category": ["Comparison Functions"]}
