{
    "HTML": [
        "https://dev.mysql.com/doc/refman/8.0/en/built-in-function-reference.html"
    ],
    "Title": [
        "14.1 Built-In Function and Operator Reference"
    ],
    "Name": "->",
    "Description": [
        "\ncolumn->path\n",
        "\n          The\n          ->\n          operator serves as an alias for the\n          JSON_EXTRACT() function when\n          used with two arguments, a column identifier on the left and a\n          JSON path (a string literal) on the right that is evaluated\n          against the JSON document (the column value). You can use such\n          expressions in place of column references wherever they occur\n          in SQL statements.\n        ",
        "\n          The two SELECT statements shown\n          here produce the same output:\n        ",
        "Press CTRL+C to copy mysql> SELECT c, JSON_EXTRACT(c, \"$.id\"), g\n     > FROM jemp\n     > WHERE JSON_EXTRACT(c, \"$.id\") > 1\n     > ORDER BY JSON_EXTRACT(c, \"$.name\");\n+-------------------------------+-----------+------+\n| c                             | c->\"$.id\" | g    |\n+-------------------------------+-----------+------+\n| {\"id\": \"3\", \"name\": \"Barney\"} | \"3\"       |    3 |\n| {\"id\": \"4\", \"name\": \"Betty\"}  | \"4\"       |    4 |\n| {\"id\": \"2\", \"name\": \"Wilma\"}  | \"2\"       |    2 |\n+-------------------------------+-----------+------+\n3 rows in set (0.00 sec)\n\nmysql> SELECT c, c->\"$.id\", g\n     > FROM jemp\n     > WHERE c->\"$.id\" > 1\n     > ORDER BY c->\"$.name\";\n+-------------------------------+-----------+------+\n| c                             | c->\"$.id\" | g    |\n+-------------------------------+-----------+------+\n| {\"id\": \"3\", \"name\": \"Barney\"} | \"3\"       |    3 |\n| {\"id\": \"4\", \"name\": \"Betty\"}  | \"4\"       |    4 |\n| {\"id\": \"2\", \"name\": \"Wilma\"}  | \"2\"       |    2 |\n+-------------------------------+-----------+------+\n3 rows in set (0.00 sec)",
        "\n          This functionality is not limited to\n          SELECT, as shown here:\n        ",
        "Press CTRL+C to copy mysql> ALTER TABLE jemp ADD COLUMN n INT;\nQuery OK, 0 rows affected (0.68 sec)\nRecords: 0  Duplicates: 0  Warnings: 0\n\nmysql> UPDATE jemp SET n=1 WHERE c->\"$.id\" = \"4\";\nQuery OK, 1 row affected (0.04 sec)\nRows matched: 1  Changed: 1  Warnings: 0\n\nmysql> SELECT c, c->\"$.id\", g, n\n     > FROM jemp\n     > WHERE JSON_EXTRACT(c, \"$.id\") > 1\n     > ORDER BY c->\"$.name\";\n+-------------------------------+-----------+------+------+\n| c                             | c->\"$.id\" | g    | n    |\n+-------------------------------+-----------+------+------+\n| {\"id\": \"3\", \"name\": \"Barney\"} | \"3\"       |    3 | NULL |\n| {\"id\": \"4\", \"name\": \"Betty\"}  | \"4\"       |    4 |    1 |\n| {\"id\": \"2\", \"name\": \"Wilma\"}  | \"2\"       |    2 | NULL |\n+-------------------------------+-----------+------+------+\n3 rows in set (0.00 sec)\n\nmysql> DELETE FROM jemp WHERE c->\"$.id\" = \"4\";\nQuery OK, 1 row affected (0.04 sec)\n\nmysql> SELECT c, c->\"$.id\", g, n\n     > FROM jemp\n     > WHERE JSON_EXTRACT(c, \"$.id\") > 1\n     > ORDER BY c->\"$.name\";\n+-------------------------------+-----------+------+------+\n| c                             | c->\"$.id\" | g    | n    |\n+-------------------------------+-----------+------+------+\n| {\"id\": \"3\", \"name\": \"Barney\"} | \"3\"       |    3 | NULL |\n| {\"id\": \"2\", \"name\": \"Wilma\"}  | \"2\"       |    2 | NULL |\n+-------------------------------+-----------+------+------+\n2 rows in set (0.00 sec)",
        "\n          (See Indexing a Generated Column to Provide a JSON Column Index, for the\n          statements used to create and populate the table just shown.)\n        ",
        "\n          This also works with JSON array values, as shown here:\n        ",
        "Press CTRL+C to copy mysql> CREATE TABLE tj10 (a JSON, b INT);\nQuery OK, 0 rows affected (0.26 sec)\n\nmysql> INSERT INTO tj10\n     > VALUES (\"[3,10,5,17,44]\", 33), (\"[3,10,5,17,[22,44,66]]\", 0);\nQuery OK, 1 row affected (0.04 sec)\n\nmysql> SELECT a->\"$[4]\" FROM tj10;\n+--------------+\n| a->\"$[4]\"    |\n+--------------+\n| 44           |\n| [22, 44, 66] |\n+--------------+\n2 rows in set (0.00 sec)\n\nmysql> SELECT * FROM tj10 WHERE a->\"$[0]\" = 3;\n+------------------------------+------+\n| a                            | b    |\n+------------------------------+------+\n| [3, 10, 5, 17, 44]           |   33 |\n| [3, 10, 5, 17, [22, 44, 66]] |    0 |\n+------------------------------+------+\n2 rows in set (0.00 sec)",
        "\n          Nested arrays are supported. An expression using\n          -> evaluates as NULL\n          if no matching key is found in the target JSON document, as\n          shown here:\n        ",
        "Press CTRL+C to copy mysql> SELECT * FROM tj10 WHERE a->\"$[4][1]\" IS NOT NULL;\n+------------------------------+------+\n| a                            | b    |\n+------------------------------+------+\n| [3, 10, 5, 17, [22, 44, 66]] |    0 |\n+------------------------------+------+\n\nmysql> SELECT a->\"$[4][1]\" FROM tj10;\n+--------------+\n| a->\"$[4][1]\" |\n+--------------+\n| NULL         |\n| 44           |\n+--------------+\n2 rows in set (0.00 sec)",
        "\n          This is the same behavior as seen in such cases when using\n          JSON_EXTRACT():\n        ",
        "Press CTRL+C to copy mysql> SELECT JSON_EXTRACT(a, \"$[4][1]\") FROM tj10;\n+----------------------------+\n| JSON_EXTRACT(a, \"$[4][1]\") |\n+----------------------------+\n| NULL                       |\n| 44                         |\n+----------------------------+\n2 rows in set (0.00 sec)"
    ],
    "Reference HTML": "https://dev.mysql.com/doc/refman/8.0/en/json-search-functions.html#operator_json-column-path",
    "Feature": [
        "column->path"
    ],
    "Examples": [
        "mysql> SELECT c, JSON_EXTRACT(c, \"$.id\"), g\n     > FROM jemp\n     > WHERE JSON_EXTRACT(c, \"$.id\") > 1\n     > ORDER BY JSON_EXTRACT(c, \"$.name\");\n+-------------------------------+-----------+------+\n| c                             | c->\"$.id\" | g    |\n+-------------------------------+-----------+------+\n| {\"id\": \"3\", \"name\": \"Barney\"} | \"3\"       |    3 |\n| {\"id\": \"4\", \"name\": \"Betty\"}  | \"4\"       |    4 |\n| {\"id\": \"2\", \"name\": \"Wilma\"}  | \"2\"       |    2 |\n+-------------------------------+-----------+------+\n3 rows in set (0.00 sec)\n\nmysql> SELECT c, c->\"$.id\", g\n     > FROM jemp\n     > WHERE c->\"$.id\" > 1\n     > ORDER BY c->\"$.name\";\n+-------------------------------+-----------+------+\n| c                             | c->\"$.id\" | g    |\n+-------------------------------+-----------+------+\n| {\"id\": \"3\", \"name\": \"Barney\"} | \"3\"       |    3 |\n| {\"id\": \"4\", \"name\": \"Betty\"}  | \"4\"       |    4 |\n| {\"id\": \"2\", \"name\": \"Wilma\"}  | \"2\"       |    2 |\n+-------------------------------+-----------+------+\n3 rows in set (0.00 sec)",
        "mysql> ALTER TABLE jemp ADD COLUMN n INT;\nQuery OK, 0 rows affected (0.68 sec)\nRecords: 0  Duplicates: 0  Warnings: 0\n\nmysql> UPDATE jemp SET n=1 WHERE c->\"$.id\" = \"4\";\nQuery OK, 1 row affected (0.04 sec)\nRows matched: 1  Changed: 1  Warnings: 0\n\nmysql> SELECT c, c->\"$.id\", g, n\n     > FROM jemp\n     > WHERE JSON_EXTRACT(c, \"$.id\") > 1\n     > ORDER BY c->\"$.name\";\n+-------------------------------+-----------+------+------+\n| c                             | c->\"$.id\" | g    | n    |\n+-------------------------------+-----------+------+------+\n| {\"id\": \"3\", \"name\": \"Barney\"} | \"3\"       |    3 | NULL |\n| {\"id\": \"4\", \"name\": \"Betty\"}  | \"4\"       |    4 |    1 |\n| {\"id\": \"2\", \"name\": \"Wilma\"}  | \"2\"       |    2 | NULL |\n+-------------------------------+-----------+------+------+\n3 rows in set (0.00 sec)\n\nmysql> DELETE FROM jemp WHERE c->\"$.id\" = \"4\";\nQuery OK, 1 row affected (0.04 sec)\n\nmysql> SELECT c, c->\"$.id\", g, n\n     > FROM jemp\n     > WHERE JSON_EXTRACT(c, \"$.id\") > 1\n     > ORDER BY c->\"$.name\";\n+-------------------------------+-----------+------+------+\n| c                             | c->\"$.id\" | g    | n    |\n+-------------------------------+-----------+------+------+\n| {\"id\": \"3\", \"name\": \"Barney\"} | \"3\"       |    3 | NULL |\n| {\"id\": \"2\", \"name\": \"Wilma\"}  | \"2\"       |    2 | NULL |\n+-------------------------------+-----------+------+------+\n2 rows in set (0.00 sec)",
        "mysql> CREATE TABLE tj10 (a JSON, b INT);\nQuery OK, 0 rows affected (0.26 sec)\n\nmysql> INSERT INTO tj10\n     > VALUES (\"[3,10,5,17,44]\", 33), (\"[3,10,5,17,[22,44,66]]\", 0);\nQuery OK, 1 row affected (0.04 sec)\n\nmysql> SELECT a->\"$[4]\" FROM tj10;\n+--------------+\n| a->\"$[4]\"    |\n+--------------+\n| 44           |\n| [22, 44, 66] |\n+--------------+\n2 rows in set (0.00 sec)\n\nmysql> SELECT * FROM tj10 WHERE a->\"$[0]\" = 3;\n+------------------------------+------+\n| a                            | b    |\n+------------------------------+------+\n| [3, 10, 5, 17, 44]           |   33 |\n| [3, 10, 5, 17, [22, 44, 66]] |    0 |\n+------------------------------+------+\n2 rows in set (0.00 sec)",
        "mysql> SELECT * FROM tj10 WHERE a->\"$[4][1]\" IS NOT NULL;\n+------------------------------+------+\n| a                            | b    |\n+------------------------------+------+\n| [3, 10, 5, 17, [22, 44, 66]] |    0 |\n+------------------------------+------+\n\nmysql> SELECT a->\"$[4][1]\" FROM tj10;\n+--------------+\n| a->\"$[4][1]\" |\n+--------------+\n| NULL         |\n| 44           |\n+--------------+\n2 rows in set (0.00 sec)",
        "mysql> SELECT JSON_EXTRACT(a, \"$[4][1]\") FROM tj10;\n+----------------------------+\n| JSON_EXTRACT(a, \"$[4][1]\") |\n+----------------------------+\n| NULL                       |\n| 44                         |\n+----------------------------+\n2 rows in set (0.00 sec)"
    ],
    "Category": [
        "Built-In Functions and Operators",
        "JSON Functions"
    ],
    "EffectiveSQLsRefined": [
        "CREATE TABLE tj10 (a JSON, b INT);",
        "SELECT a->\"$[4]\" FROM tj10;",
        "SELECT * FROM tj10 WHERE a->\"$[4][1]\" IS NOT NULL;",
        "SELECT a->\"$[4][1]\" FROM tj10;",
        "SELECT JSON_EXTRACT(a, \"$[4][1]\") FROM tj10;"
    ],
    "EffectiveSQLsGenerated": [],
    "EffectiveSQLsGeneratedCosts": [],
    "EffectiveSQLsGeneratedErrors": [],
    "EffectiveSQLs": [
        "CREATE TABLE tj10 (a JSON, b INT);",
        "SELECT a->\"$[4]\" FROM tj10;",
        "SELECT * FROM tj10 WHERE a->\"$[4][1]\" IS NOT NULL;",
        "SELECT a->\"$[4][1]\" FROM tj10;",
        "SELECT JSON_EXTRACT(a, \"$[4][1]\") FROM tj10;"
    ]
}