{
    "HTML": [
        "https://dev.mysql.com/doc/refman/8.0/en/built-in-function-reference.html"
    ],
    "Title": [
        "14.1 Built-In Function and Operator Reference"
    ],
    "Name": "GTID_SUBTRACT()",
    "Description": [
        "\nGTID_SUBTRACT(set1,set2)\n",
        "\n            Given two sets of global transaction identifiers\n            set1 and\n            set2, returns only those GTIDs\n            from set1 that are not in\n            set2. Returns\n            NULL if set1\n            or set2 is\n            NULL.\n          ",
        "\n            All GTID sets used with this function are represented as\n            strings and must be quoted, as shown in these examples:\n          ",
        "Press CTRL+C to copy mysql> SELECT GTID_SUBTRACT('3E11FA47-71CA-11E1-9E33-C80AA9429562:21-57',\n    ->     '3E11FA47-71CA-11E1-9E33-C80AA9429562:21')\\G\n*************************** 1. row ***************************\nGTID_SUBTRACT('3E11FA47-71CA-11E1-9E33-C80AA9429562:21-57',\n    '3E11FA47-71CA-11E1-9E33-C80AA9429562:21'): 3e11fa47-71ca-11e1-9e33-c80aa9429562:22-57\n1 row in set (0.00 sec)\n\nmysql> SELECT GTID_SUBTRACT('3E11FA47-71CA-11E1-9E33-C80AA9429562:21-57',\n    ->     '3E11FA47-71CA-11E1-9E33-C80AA9429562:20-25')\\G\n*************************** 1. row ***************************\nGTID_SUBTRACT('3E11FA47-71CA-11E1-9E33-C80AA9429562:21-57',\n    '3E11FA47-71CA-11E1-9E33-C80AA9429562:20-25'): 3e11fa47-71ca-11e1-9e33-c80aa9429562:26-57\n1 row in set (0.00 sec)\n\nmysql> SELECT GTID_SUBTRACT('3E11FA47-71CA-11E1-9E33-C80AA9429562:21-57',\n    ->     '3E11FA47-71CA-11E1-9E33-C80AA9429562:23-24')\\G\n*************************** 1. row ***************************\nGTID_SUBTRACT('3E11FA47-71CA-11E1-9E33-C80AA9429562:21-57',\n    '3E11FA47-71CA-11E1-9E33-C80AA9429562:23-24'): 3e11fa47-71ca-11e1-9e33-c80aa9429562:21-22:25-57\n1 row in set (0.01 sec)",
        "\n            Subtracting a GTID set from itself produces an empty set, as\n            shown here:\n          ",
        "Press CTRL+C to copy mysql> SELECT GTID_SUBTRACT('3E11FA47-71CA-11E1-9E33-C80AA9429562:21-57',\n    ->     '3E11FA47-71CA-11E1-9E33-C80AA9429562:21-57')\\G\n*************************** 1. row ***************************\nGTID_SUBTRACT('3E11FA47-71CA-11E1-9E33-C80AA9429562:21-57',\n    '3E11FA47-71CA-11E1-9E33-C80AA9429562:21-57'): \n1 row in set (0.00 sec)"
    ],
    "Reference HTML": "https://dev.mysql.com/doc/refman/8.0/en/gtid-functions.html#function_gtid-subtract",
    "Feature": [
        "GTID_SUBTRACT(set1,set2)"
    ],
    "Examples": [],
    "Category": [
        "Built-In Functions and Operators",
        "Replication Functions"
    ]
}