{
    "HTML": [
        "https://dev.mysql.com/doc/refman/8.0/en/built-in-function-reference.html"
    ],
    "Title": [
        "14.1 Built-In Function and Operator Reference"
    ],
    "Name": "JSON_ARRAYAGG()",
    "Description": [
        "\nJSON_ARRAYAGG(col_or_expr)\n            [over_clause]\n",
        "\n            Aggregates a result set as a single\n            JSON array whose elements\n            consist of the rows. The order of elements in this array is\n            undefined. The function acts on a column or an expression\n            that evaluates to a single value. Returns\n            NULL if the result contains no rows, or\n            in the event of an error. If\n            col_or_expr is\n            NULL, the function returns an array of\n            JSON [null] elements.\n          ",
        "\n            As of MySQL 8.0.14, this function executes as a window\n            function if over_clause is\n            present. over_clause is as\n            described in Section\u00a014.20.2, \u201cWindow Function Concepts and Syntax\u201d.\n          ",
        "Press CTRL+C to copy mysql> SELECT o_id, attribute, value FROM t3;\n+------+-----------+-------+\n| o_id | attribute | value |\n+------+-----------+-------+\n|    2 | color     | red   |\n|    2 | fabric    | silk  |\n|    3 | color     | green |\n|    3 | shape     | square|\n+------+-----------+-------+\n4 rows in set (0.00 sec)\n\nmysql> SELECT o_id, JSON_ARRAYAGG(attribute) AS attributes\n    -> FROM t3 GROUP BY o_id;\n+------+---------------------+\n| o_id | attributes          |\n+------+---------------------+\n|    2 | [\"color\", \"fabric\"] |\n|    3 | [\"color\", \"shape\"]  |\n+------+---------------------+\n2 rows in set (0.00 sec)"
    ],
    "Reference HTML": "https://dev.mysql.com/doc/refman/8.0/en/aggregate-functions.html#function_json-arrayagg",
    "Feature": [
        "JSON_ARRAYAGG(col_or_expr)\n            [over_clause]"
    ],
    "Examples": [
        "mysql> SELECT o_id, attribute, value FROM t3;\n+------+-----------+-------+\n| o_id | attribute | value |\n+------+-----------+-------+\n|    2 | color     | red   |\n|    2 | fabric    | silk  |\n|    3 | color     | green |\n|    3 | shape     | square|\n+------+-----------+-------+\n4 rows in set (0.00 sec)\n\nmysql> SELECT o_id, JSON_ARRAYAGG(attribute) AS attributes\n    -> FROM t3 GROUP BY o_id;\n+------+---------------------+\n| o_id | attributes          |\n+------+---------------------+\n|    2 | [\"color\", \"fabric\"] |\n|    3 | [\"color\", \"shape\"]  |\n+------+---------------------+\n2 rows in set (0.00 sec)"
    ],
    "Category": [
        "Built-In Functions and Operators",
        "Aggregate Functions"
    ],
    "EffectiveSQLsRefined": [],
    "EffectiveSQLsGenerated": [
        "SELECT JSON_ARRAYAGG(attribute) AS attributes FROM t3 GROUP BY o_id;",
        "SELECT JSON_ARRAYAGG('example') AS attributes;"
    ],
    "EffectiveSQLsGeneratedCosts": [
        {
            "Total Tokens": 673,
            "Prompt Tokens": 644,
            "Completion Tokens": 29,
            "Total Cost (USD)": 0.00011399999999999999
        },
        {
            "Total Tokens": 834,
            "Prompt Tokens": 811,
            "Completion Tokens": 23,
            "Total Cost (USD)": 0.00013545
        }
    ],
    "EffectiveSQLsGeneratedErrors": [
        "(pymysql.err.ProgrammingError) (1146, \"Table 'knowledge_base_preprocess_mysql.t3' doesn't exist\")\n",
        "None"
    ],
    "EffectiveSQLs": [
        "SELECT JSON_ARRAYAGG('example') AS attributes;"
    ]
}