{
    "HTML": [
        "https://dev.mysql.com/doc/refman/8.0/en/built-in-function-reference.html"
    ],
    "Title": [
        "14.1 Built-In Function and Operator Reference"
    ],
    "Name": "NAME_CONST()",
    "Description": [
        "\nNAME_CONST(name,value)\n",
        "\n          Returns the given value. When used to produce a result set\n          column, NAME_CONST() causes the\n          column to have the given name. The arguments should be\n          constants.\n        ",
        "Press CTRL+C to copy mysql> SELECT NAME_CONST('myname', 14);\n+--------+\n| myname |\n+--------+\n|     14 |\n+--------+",
        "\n          This function is for internal use only. The server uses it\n          when writing statements from stored programs that contain\n          references to local program variables, as described in\n          Section\u00a027.7, \u201cStored Program Binary Logging\u201d. You might see this\n          function in the output from mysqlbinlog.\n        ",
        "\n          For your applications, you can obtain exactly the same result\n          as in the example just shown by using simple aliasing, like\n          this:\n        ",
        "Press CTRL+C to copy mysql> SELECT 14 AS myname;\n+--------+\n| myname |\n+--------+\n|     14 |\n+--------+\n1 row in set (0.00 sec)",
        "\n          See Section\u00a015.2.13, \u201cSELECT Statement\u201d, for more information about\n          column aliases.\n        "
    ],
    "Reference HTML": "https://dev.mysql.com/doc/refman/8.0/en/miscellaneous-functions.html#function_name-const",
    "Feature": [
        "NAME_CONST(name,value)"
    ],
    "Examples": [
        "mysql> SELECT NAME_CONST('myname', 14);\n+--------+\n| myname |\n+--------+\n|     14 |\n+--------+",
        "mysql> SELECT 14 AS myname;\n+--------+\n| myname |\n+--------+\n|     14 |\n+--------+\n1 row in set (0.00 sec)"
    ],
    "Category": [
        "Built-In Functions and Operators",
        "Miscellaneous Functions"
    ],
    "EffectiveSQLsRefined": [
        "SELECT NAME_CONST('myname', 14);",
        "SELECT 14 AS myname;"
    ],
    "EffectiveSQLsGenerated": [],
    "EffectiveSQLsGeneratedCosts": [],
    "EffectiveSQLsGeneratedErrors": [],
    "EffectiveSQLs": [
        "SELECT NAME_CONST('myname', 14);",
        "SELECT 14 AS myname;"
    ]
}