{
    "HTML": [
        "https://dev.mysql.com/doc/refman/8.4/en/table.html"
    ],
    "Title": [
        "15.2.16 TABLE Statement"
    ],
    "Feature": [
        "TABLE table_name [ORDER BY column_name] [LIMIT number [OFFSET number]]"
    ],
    "Description": [
        "\nTABLE is a DML statement which returns rows and\n      columns of the named table.\n    ",
        "\n      The TABLE statement in some ways acts like\n      SELECT. Given the existence of a\n      table named t, the following two statements\n      produce identical output:\n    ",
        "Press CTRL+C to copy TABLE t;\n\nSELECT * FROM t;",
        "\n      You can order and limit the number of rows produced by\n      TABLE using ORDER BY and\n      LIMIT clauses, respectively. These function\n      identically to the same clauses when used with\n      SELECT (including an optional\n      OFFSET clause with LIMIT),\n      as you can see here:\n    ",
        "Press CTRL+C to copy mysql> TABLE t;\n+----+----+\n| a  | b  |\n+----+----+\n|  1 |  2 |\n|  6 |  7 |\n|  9 |  5 |\n| 10 | -4 |\n| 11 | -1 |\n| 13 |  3 |\n| 14 |  6 |\n+----+----+\n7 rows in set (0.00 sec)\n\nmysql> TABLE t ORDER BY b;\n+----+----+\n| a  | b  |\n+----+----+\n| 10 | -4 |\n| 11 | -1 |\n|  1 |  2 |\n| 13 |  3 |\n|  9 |  5 |\n| 14 |  6 |\n|  6 |  7 |\n+----+----+\n7 rows in set (0.00 sec)\n\nmysql> TABLE t LIMIT 3;\n+---+---+\n| a | b |\n+---+---+\n| 1 | 2 |\n| 6 | 7 |\n| 9 | 5 |\n+---+---+\n3 rows in set (0.00 sec)\n\nmysql> TABLE t ORDER BY b LIMIT 3;\n+----+----+\n| a  | b  |\n+----+----+\n| 10 | -4 |\n| 11 | -1 |\n|  1 |  2 |\n+----+----+\n3 rows in set (0.00 sec)\n\nmysql> TABLE t ORDER BY b LIMIT 3 OFFSET 2;\n+----+----+\n| a  | b  |\n+----+----+\n|  1 |  2 |\n| 13 |  3 |\n|  9 |  5 |\n+----+----+\n3 rows in set (0.00 sec)",
        "\nTABLE differs from SELECT in\n      two key respects:\n",
        "\n\nTABLE always displays all columns of the\n          table.\n        \nException: The output of\n          TABLE does not include\n          invisible columns. See Section\u00a015.1.20.10, \u201cInvisible Columns\u201d.\n        \nTABLE does not allow for any arbitrary\n          filtering of rows; that is, TABLE does not\n          support any WHERE clause.\n\n",
        "\n      For limiting which table columns are returned, filtering rows\n      beyond what can be accomplished using ORDER BY\n      and LIMIT, or both, use\n      SELECT.\n    ",
        "\nTABLE can be used with temporary tables.\n    ",
        "\nTABLE can also be used in place of\n      SELECT in a number of other constructs,\n      including those listed here:\n",
        "\n\n          With set operators such as\n          UNION, as shown here:\n        Press CTRL+C to copy mysql> TABLE t1;\n+---+----+\n| a | b  |\n+---+----+\n| 2 | 10 |\n| 5 |  3 |\n| 7 |  8 |\n+---+----+\n3 rows in set (0.00 sec)\n\nmysql> TABLE t2;\n+---+---+\n| a | b |\n+---+---+\n| 1 | 2 |\n| 3 | 4 |\n| 6 | 7 |\n+---+---+\n3 rows in set (0.00 sec)\n\nmysql> TABLE t1 UNION TABLE t2;\n+---+----+\n| a | b  |\n+---+----+\n| 2 | 10 |\n| 5 |  3 |\n| 7 |  8 |\n| 1 |  2 |\n| 3 |  4 |\n| 6 |  7 |\n+---+----+\n6 rows in set (0.00 sec)\n          The UNION just shown is\n          equivalent to the following statement:\n        Press CTRL+C to copy mysql> SELECT * FROM t1 UNION SELECT * FROM t2;\n+---+----+\n| a | b  |\n+---+----+\n| 2 | 10 |\n| 5 |  3 |\n| 7 |  8 |\n| 1 |  2 |\n| 3 |  4 |\n| 6 |  7 |\n+---+----+\n6 rows in set (0.00 sec)\nTABLE can also be used together in set\n          operations with SELECT statements,\n          VALUES statements, or both. See\n          Section\u00a015.2.18, \u201cUNION Clause\u201d, Section\u00a015.2.4, \u201cEXCEPT Clause\u201d, and\n          Section\u00a015.2.8, \u201cINTERSECT Clause\u201d, for more information and\n          examples. See also Section\u00a015.2.14, \u201cSet Operations with UNION, INTERSECT, and EXCEPT\u201d.\n        \n          With INTO to populate user variables, and\n          with INTO OUTFILE or INTO\n          DUMPFILE to write table data to a file. See\n          Section\u00a015.2.13.1, \u201cSELECT ... INTO Statement\u201d, for more specific information\n          and examples.\n        \n          In many cases where you can employ subqueries. Given any table\n          t1 with a column named\n          a, and a second table t2\n          having a single column, statements such as the following are\n          possible:\n        Press CTRL+C to copy SELECT * FROM t1 WHERE a IN (TABLE t2);\n          Assuming that the single column of table t1\n          is named x, the preceding is equivalent to\n          each of the statements shown here (and produces exactly the\n          same result in either case):\n        Press CTRL+C to copy SELECT * FROM t1 WHERE a IN (SELECT x FROM t2);\n\nSELECT * FROM t1 WHERE a IN (SELECT * FROM t2);\n          See Section\u00a015.2.15, \u201cSubqueries\u201d, for more information.\n        \n          With INSERT and\n          REPLACE statements, where you\n          would otherwise use\n          SELECT *.\n          See Section\u00a015.2.7.1, \u201cINSERT ... SELECT Statement\u201d, for more information and\n          examples.\n        \nTABLE can also be used in many\n          cases in place of the SELECT in\n          CREATE\n          TABLE ... SELECT or\n          CREATE VIEW ...\n          SELECT. See the descriptions of these statements for\n          more information and examples.\n\n"
    ],
    "Examples": [
        "TABLE t;\n\nSELECT * FROM t;",
        "mysql> TABLE t;\n+----+----+\n| a  | b  |\n+----+----+\n|  1 |  2 |\n|  6 |  7 |\n|  9 |  5 |\n| 10 | -4 |\n| 11 | -1 |\n| 13 |  3 |\n| 14 |  6 |\n+----+----+\n7 rows in set (0.00 sec)\n\nmysql> TABLE t ORDER BY b;\n+----+----+\n| a  | b  |\n+----+----+\n| 10 | -4 |\n| 11 | -1 |\n|  1 |  2 |\n| 13 |  3 |\n|  9 |  5 |\n| 14 |  6 |\n|  6 |  7 |\n+----+----+\n7 rows in set (0.00 sec)\n\nmysql> TABLE t LIMIT 3;\n+---+---+\n| a | b |\n+---+---+\n| 1 | 2 |\n| 6 | 7 |\n| 9 | 5 |\n+---+---+\n3 rows in set (0.00 sec)\n\nmysql> TABLE t ORDER BY b LIMIT 3;\n+----+----+\n| a  | b  |\n+----+----+\n| 10 | -4 |\n| 11 | -1 |\n|  1 |  2 |\n+----+----+\n3 rows in set (0.00 sec)\n\nmysql> TABLE t ORDER BY b LIMIT 3 OFFSET 2;\n+----+----+\n| a  | b  |\n+----+----+\n|  1 |  2 |\n| 13 |  3 |\n|  9 |  5 |\n+----+----+\n3 rows in set (0.00 sec)",
        "mysql> TABLE t1;\n+---+----+\n| a | b  |\n+---+----+\n| 2 | 10 |\n| 5 |  3 |\n| 7 |  8 |\n+---+----+\n3 rows in set (0.00 sec)\n\nmysql> TABLE t2;\n+---+---+\n| a | b |\n+---+---+\n| 1 | 2 |\n| 3 | 4 |\n| 6 | 7 |\n+---+---+\n3 rows in set (0.00 sec)\n\nmysql> TABLE t1 UNION TABLE t2;\n+---+----+\n| a | b  |\n+---+----+\n| 2 | 10 |\n| 5 |  3 |\n| 7 |  8 |\n| 1 |  2 |\n| 3 |  4 |\n| 6 |  7 |\n+---+----+\n6 rows in set (0.00 sec)",
        "mysql> SELECT * FROM t1 UNION SELECT * FROM t2;\n+---+----+\n| a | b  |\n+---+----+\n| 2 | 10 |\n| 5 |  3 |\n| 7 |  8 |\n| 1 |  2 |\n| 3 |  4 |\n| 6 |  7 |\n+---+----+\n6 rows in set (0.00 sec)",
        "SELECT * FROM t1 WHERE a IN (TABLE t2);",
        "SELECT * FROM t1 WHERE a IN (SELECT x FROM t2);\n\nSELECT * FROM t1 WHERE a IN (SELECT * FROM t2);"
    ],
    "Category": [
        "Data Manipulation Statements"
    ]
}