{
    "HTML": [
        "https://www.oceanbase.com/docs/enterprise-oceanbase-database-cn-1000000001053489"
    ],
    "Title": [
        "DELETE"
    ],
    "Feature": [
        "Single-Table-Delete Syntax:\n    DELETE [hint_options] FROM table_name\n    [PARTITION (partition_name,...)]\n    [WHERE where_condition]\n    [ORDER BY order_expression_list]\n    [LIMIT row_count]\n\nMultiple-Table-Delete Syntax:\n    DELETE [hint_options] table_name[.*] [, table_name[.*]] ...\n    FROM table_references\n    [WHERE where_condition]\nOr:\n    DELETE [hint_options] FROM table_name[.*] [, table_name[.*]] ...\n    USING table_references\n    [WHERE where_condition]\n\nwhere_condition:\n    expression\n\norder_expression_list:\n    order_expression [, order_expression ...]\n\norder_expression:\n    expression [ASC | DESC]\n\nlimit_row_count:\n    INT_VALUE\n\ntable_references:\n    {table_name | joined_table | table_subquery | select_with_parents} [, ...]\n\n"
    ],
    "Description": [
        "该语句用来删除表中符合条件的行，包括单表删除及多表删除两种方式。",
        "无论是多表删除还是单表删除都不支持直接对子查询进行删除操作，例如 DELETE FROM (SELECT * FROM t1);。",
        "\n\n\n参数\n描述\n\n\n\n\nhint_options\n指定 hint 选项。\n\n\ntable_name\n指定需要删除的表名。\n\n\npartition_name\n需要删除表的对应分区名。\n\n\nwhere_condition\n删除的表需要满足的过滤条件。\n\n\norder_expression_list\n删除的表的排序键列表。\n\n\nrow_count\n指定待删除的表的行数。指定的值只能为整数。\n\n\ntable_references\n多表删除时指定的待选择的表序列。\n\n\n"
    ],
    "Examples": [
        "obclient> CREATE TABLE t1(c1 INT PRIMARY KEY, c2 INT);\nQuery OK, 0 rows affected\nobclient> SELECT * FROM t1;\n+----+------+\n| c1 | c2   |\n+----+------+\n|  1 |    1 |\n|  2 |    2 |\n|  3 |    3 |\n|  4 |    4 |\n+----+------+\n4 rows in set\n\nobclient> CREATE TABLE t2(c1 INT PRIMARY KEY, c2 INT) PARTITION BY KEY(c1) PARTITIONS 4;\nQuery OK, 0 rows affected\nobclient> SELECT * FROM t2;\n+----+------+\n| c1 | c2   |\n+----+------+\n|  5 |    5 |\n|  1 |    1 |\n|  2 |    2 |\n|  3 |    3 |\n+----+------+\n4 rows in set\n",
        "obclient> DELETE FROM t1 WHERE c1 = 2;\nQuery OK, 1 row affected (0.02 sec)\n\nobclient> SELECT * FROM t1;\n+----+------+\n| c1 | c2   |\n+----+------+\n|  1 |    1 |\n|  3 |    3 |\n|  4 |    4 |\n+----+------+\n3 rows in set\n",
        "obclient> DELETE FROM t1 ORDER BY c2 LIMIT 1;\nQuery OK, 1 row affected\n\nobclient> SELECT * FROM t1;\n+----+------+\n| c1 | c2   |\n+----+------+\n|  2 |    2 |\n|  3 |    3 |\n|  4 |    4 |\n+----+------+\n3 rows in set\n",
        "obclient> DELETE FROM t2 PARTITION(p2);\nQuery OK, 3 rows affected\n\nobclient> SELECT * FROM t2;\n+----+------+\n| c1 | c2   |\n+----+------+\n|  5 |    5 |\n+----+------+\n1 row in set\n",
        "obclient> DELETE t1, t2 FROM t1, t2 WHERE t1.c1 = t2.c1;\nQuery OK, 3 rows affected\n\nobclient> SELECT * FROM t1;\n+----+------+\n| c1 | c2   |\n+----+------+\n|  4 |    4 |\n+----+------+\n1 row in set\n\nobclient> SELECT * FROM t2;\n+----+------+\n| c1 | c2   |\n+----+------+\n|  5 |    5 |\n+----+------+\n1 row in set\n",
        "obclient> DELETE FROM t1, t2 USING t1,t2 WHERE t1.c1 = t2.c1;\nQuery OK, 6 rows affected\n\nobclient> SELECT * FROM t1;\n+----+------+\n| c1 | c2   |\n+----+------+\n|  4 |    4 |\n+----+------+\n1 row in set\n\nobclient> SELECT * FROM t2;\n+----+------+\n| c1 | c2   |\n+----+------+\n|  5 |    5 |\n+----+------+\n1 row in set\n",
        "obclient> DELETE t2 FROM t1,t2 PARTITION(p2) WHERE t1.c1 = t2.c1;\nQuery OK, 3 rows affected\n\nobclient> select * from t2;\n+----+------+\n| c1 | c2   |\n+----+------+\n|  5 |    5 |\n+----+------+\n1 row in set\n",
        "obclient> CREATE VIEW v AS SELECT * FROM t1;\nQuery OK, 0 rows affected\n\nobclient> DELETE FROM v WHERE v.c1 = 1;\nQuery OK, 1 row affected\n\nobclient> SELECT * FROM v;\n+----+------+\n| c1 | c2   |\n+----+------+\n|  2 |    2 |\n|  3 |    3 |\n|  4 |    4 |\n+----+------+\n3 rows in set\n"
    ],
    "Category": [
        "No Category"
    ]
}