{
    "HTML": [
        "https://www.oceanbase.com/docs/enterprise-oceanbase-database-cn-1000000001054472"
    ],
    "Title": [
        "UNION 子句"
    ],
    "Feature": [
        "select_clause_set:\n    select_clause_set_left [ UNION | UNION ALL | MINUS | EXCEPT | INTERSECT] select_clause_set_right\n  [sort_list_columns] [limit_clause]\n"
    ],
    "Description": [
        "该语句用于对多个 SELECT 查询的结果进行 UNION、EXCEPT或 INTERSECT 操作。",
        "\n\n\n参数\n描述\n\n\n\n\nselect_clause_set_left\nSELECT 语句，返回用于集合计算的左集合。\n\n\nselect_clause_set_right\nSELECT 语句，返回用于集合计算的右集合。\n\n\nsort_list_columns\n指定集合计算后的分组方式。\n\n\nlimit_clause\n指定集合计算后返回的行数。\n\n\nUNION ALL\n合并两个查询的结果。\n\n\nUNION\n合并两个查询的结果，并去重。\n\n\nMINUS | EXCEPT\n从左查询结果集中去重出现在右查询中的结果，并去重。 说明 MINUS 是 EXCEPT 的同义词。\n\n\nINTERSECT\n保留左查询结果集中出现在右查询中的结果，并去重。\n\n\n"
    ],
    "Examples": [
        "obclient> CREATE TABLE t1 (c1 INT, c2 INT);\nobclient> CREATE TABLE t2 (c1 INT, c2 INT);\nobclient> INSERT INTO t1 VALUES (1, -1), (2, -2);\nobclient> INSERT INTO t2 VALUES (1, 1), (2, -2), (3, 3);\n",
        "obclient> SELECT c1, c2 FROM t1 UNION ALL SELECT c1, c2 FROM t2;\n+------+------+\n| c1   | c2   |\n+------+------+\n|    1 |   -1 |\n|    2 |   -2 |\n|    1 |    1 |\n|    2 |   -2 |\n|    3 |    3 |\n+------+------+\n5 rows in set\n",
        "obclient> SELECT c1, c2 FROM t1 UNION SELECT c1, c2 FROM t2;\n+------+------+\n| c1   | c2   |\n+------+------+\n|    1 |   -1 |\n|    2 |   -2 |\n|    1 |    1 |\n|    3 |    3 |\n+------+------+\n4 rows in set  \n",
        "obclient> SELECT c1, c2 FROM t1 INTERSECT SELECT c1, c2 FROM t2;\n+------+------+\n| c1   | c2   |\n+------+------+\n|    2 |   -2 |\n+------+------+\n1 row in set\n",
        "obclient> SELECT c1, c2 FROM t1 EXCEPT SELECT c1, c2 FROM t2;\n+------+------+\n| c1   | c2   |\n+------+------+\n|    1 |   -1 |\n+------+------+\n1 row in set\n",
        "obclient> SELECT c1, c2 FROM t1 UNION SELECT c1, c2 FROM t2 ORDER BY c2 DESC LIMIT 2;\n+------+------+\n| c1   | c2   |\n+------+------+\n|    3 |    3 |\n|    1 |    1 |\n+------+------+\n2 rows in set\n"
    ],
    "Category": [
        "No Category"
    ]
}