{
    "HTML": [
        "https://www.oceanbase.com/docs/enterprise-oceanbase-database-cn-1000000001053468"
    ],
    "Title": [
        "UPDATE"
    ],
    "Feature": [
        "UPDATE [IGNORE] table_references\n    SET update_asgn_list\n    [WHERE where_condition]\n    [ORDER BY order_list]\n    [LIMIT row_count];\n\ntable_references:\n    table_name [PARTITION (partition_name,...)] [, ...]\n\nupdate_asgn_list:\n    column_name = expr [, ...]\n\norder_list:\n    column_name [ASC|DESC] [, column_name [ASC|DESC]...]\n"
    ],
    "Description": [
        "该语句用于修改表中的字段值。",
        "不管是多表还是单表更新都不支持直接对子查询进行更新值操作，否则会报错。示例如下：",
        "obclient> UPDATE (SELECT * FROM T1) SET C1 = 100;\nERROR 1288 (HY000): The target table  of the UPDATE is not updatable\n",
        "\n\n\n参数\n描述\n\n\n\n\nIGNORE\n在 INSERT 语句执行过程中发生的错误将会被忽略。\n\n\ntable_references\n指定修改表名，多表修改时，表名以逗号（,）分隔。\n\n\nwhere_condition\n指定过滤条件。\n\n\nrow_count\n限制的行数。\n\n\ntable_name\n插入表名。\n\n\npartition_name\n插入表指定的分区名。\n\n\ncolumn_name\n列名。\n\n\nASC\n按列名升序修改。\n\n\nDESC\n按列名降序修改。\n\n\n"
    ],
    "Examples": [
        "obclient> CREATE TABLE t1(c1 INT PRIMARY KEY, c2 INT);\nQuery OK, 0 rows affected\nobclient> SELECT * FROM t1;\n+----+------+\n| c1 | c2   |\n+----+------+\n|  1 |    1 |\n|  2 |    2 |\n|  3 |    3 |\n|  4 |    4 |\n+----+------+\n4 rows in set\n\nobclient> CREATE TABLE t2(c1 INT PRIMARY KEY, c2 INT) PARTITION BY KEY(c1) PARTITIONS 4;\nQuery OK, 0 rows affected\nobclient> SELECT * FROM t2;\n+----+------+\n| c1 | c2   |\n+----+------+\n|  5 |    5 |\n|  1 |    1 |\n|  2 |    2 |\n|  3 |    3 |\n+----+------+\n4 rows in set\n",
        "obclient> UPDATE t1 SET t1.c2 = 100 WHERE t1.c1 = 1;\nQuery OK, 1 row affected\nRows matched: 1  Changed: 1  Warnings: 0\n\nobclient> SELECT * FROM t1;\n+----+------+\n| c1 | c2   |\n+----+------+\n|  1 |  100 |\n|  2 |    2 |\n|  3 |    3 |\n|  4 |    4 |\n+----+------+\n4 rows in set\n",
        "obclient> UPDATE t1 SET t1.c2 = 100 ORDER BY c2 LIMIT 2;\nQuery OK, 2 rows affected\nRows matched: 2  Changed: 2  Warnings: 0\n\nobclient> SELECT * FROM t1;\n+----+------+\n| c1 | c2   |\n+----+------+\n|  1 |  100 |\n|  2 |  100 |\n|  3 |    3 |\n|  4 |    4 |\n+----+------+\n4 rows in set\n",
        "obclient> UPDATE t2 PARTITION(p2) SET t2.c2 = 100 WHERE t2.c1 > 2;\nQuery OK, 1 row affected\nRows matched: 1  Changed: 1  Warnings: 0\n\nobclient> SELECT * FROM t2;\n+----+------+\n| c1 | c2   |\n+----+------+\n|  5 |    5 |\n|  1 |    1 |\n|  2 |    2 |\n|  3 |  100 |\n+----+------+\n4 rows in set\n",
        "obclient> UPDATE t1,t2 SET t1.c2 = 100, t2.c2 = 200 WHERE t1.c2 = t2.c2;\nQuery OK, 6 rows affected\nRows matched: 6  Changed: 6  Warnings: 0\n\nobclient> SELECT * FROM t1;\n+----+------+\n| c1 | c2   |\n+----+------+\n|  1 |  100 |\n|  2 |  100 |\n|  3 |  100 |\n|  4 |    4 |\n+----+------+\n4 rows in set\n\nobclient> SELECT * FROM t2;\n+----+------+\n| c1 | c2   |\n+----+------+\n|  5 |    5 |\n|  1 |  200 |\n|  2 |  200 |\n|  3 |  200 |\n+----+------+\n4 rows in set\n",
        "obclient> UPDATE t1,t2 PARTITION(p2) SET t1.c2 = 100, t2.c2 = 200 WHERE t1.c2 = t2.c2;\nQuery OK, 6 rows affected\nRows matched: 6  Changed: 6  Warnings: 0\n\nobclient> SELECT * FROM t1;\n+----+------+\n| c1 | c2   |\n+----+------+\n|  1 |  100 |\n|  2 |  100 |\n|  3 |  100 |\n|  4 |    4 |\n+----+------+\n4 rows in set\n\nobclient> SELECT * FROM t2;\n+----+------+\n| c1 | c2   |\n+----+------+\n|  5 |    5 |\n|  1 |  200 |\n|  2 |  200 |\n|  3 |  200 |\n+----+------+\n4 rows in set\n",
        "obclient> CREATE VIEW v AS SELECT * FROM t1;\nQuery OK, 0 rows affected\n\nobclient> UPDATE v SET v.c2 = 100 WHERE v.c1 = 1;\nQuery OK, 1 row affected\nRows matched: 1  Changed: 1  Warnings: 0\n\nobclient> SELECT * FROM v;\n+----+------+\n| c1 | c2   |\n+----+------+\n|  1 |  100 |\n|  2 |    2 |\n|  3 |    3 |\n|  4 |    4 |\n+----+------+\n4 rows in set\n"
    ],
    "Category": [
        "No Category"
    ]
}