{
    "HTML": [
        "https://www.oceanbase.com/docs/enterprise-oceanbase-database-cn-1000000000823316"
    ],
    "Title": [
        "JSON_OBJECT"
    ],
    "Feature": [
        "JSON_OBJECT([key, val[, key, val] ...])\n"
    ],
    "Description": [
        "该函数根据用户输入的 key-value 对返回相应的 JSON 对象。",
        "key, val 表示一个键值对。如果参数数量为奇数，则会发生报错。"
    ],
    "Examples": [
        "obclient> SELECT JSON_OBJECT('id', 69, 'name', 'apple');\n+----------------------------------------+\n| JSON_OBJECT('id', 69, 'name', 'apple') |\n+----------------------------------------+\n| {\"id\": 69, \"name\": \"apple\"}            |\n+----------------------------------------+\n1 row in set\n\nobclient> SELECT JSON_OBJECT('id', 69, 'name', 'apple', 100);\nERROR 1582 (42000): Incorrect parameter count in the call to native function 'JSON_OBJECT'\n\nobclient> SELECT JSON_OBJECT('id', 69, 'name', 'apple', 100, 'good');\n+-----------------------------------------------------+\n| JSON_OBJECT('id', 69, 'name', 'apple', 100, 'good') |\n+-----------------------------------------------------+\n| {\"id\": 69, \"100\": \"good\", \"name\": \"apple\"}          |\n+-----------------------------------------------------+\n1 row in set\n\nobclient> SELECT JSON_OBJECT();\n+---------------+\n| JSON_OBJECT() |\n+---------------+\n| {}            |\n+---------------+\n1 row in set\n\nobclient> SELECT JSON_OBJECT('id', 69, 'name', 'apple', '[100,200]','{names:tim}');\n+-------------------------------------------------------------------+\n| JSON_OBJECT('id', 69, 'name', 'apple', '[100,200]','{names:tim}') |\n+-------------------------------------------------------------------+\n| {\"id\": 69, \"name\": \"apple\", \"[100,200]\": \"{names:tim}\"}           |\n+-------------------------------------------------------------------+\n1 row in set\n"
    ],
    "Category": [
        "JSON Functions"
    ]
}