{
    "HTML": [
        "https://www.oceanbase.com/docs/enterprise-oceanbase-database-cn-1000000000823314"
    ],
    "Title": [
        "JSON_QUOTE"
    ],
    "Feature": [
        "JSON_QUOTE(string)\n"
    ],
    "Description": [
        "通过用双引号字符包裹字符串并转义内部引号和其他字符，将字符串引用为 JSON 值，然后将结果作为 utf8mb4 字符串返回。",
        "此函数通常用于生成有效的 JSON 字符串文字以包含在 JSON 文档中，便于进行处理。",
        "string 表示要引用的字符串。如果参数为 NULL，则返回 NULL。"
    ],
    "Examples": [
        "obclient> SELECT JSON_QUOTE('null'), JSON_QUOTE('\"null\"');\n+--------------------+----------------------+\n| JSON_QUOTE('null') | JSON_QUOTE('\"null\"') |\n+--------------------+----------------------+\n| \"null\"             | \"\\\"null\\\"\"           |\n+--------------------+----------------------+\n1 row in set\n\nobclient> SELECT JSON_QUOTE('[1, 2, 3, 4, 5]');\n+-------------------------------+\n| JSON_QUOTE('[1, 2, 3, 4, 5]') |\n+-------------------------------+\n| \"[1, 2, 3, 4, 5]\"             |\n+-------------------------------+\n1 row in set\n\nobclient> SELECT JSON_QUOTE('{\"name\":sam, \"scores\":[100,200,300]}');\n+----------------------------------------------------+\n| JSON_QUOTE('{\"name\":sam, \"scores\":[100,200,300]}') |\n+----------------------------------------------------+\n| \"{\\\"name\\\":sam, \\\"scores\\\":[100,200,300]}\"         |\n+----------------------------------------------------+\n1 row in set\n"
    ],
    "Category": [
        "JSON Functions"
    ]
}