{
    "HTML": [
        "https://www.oceanbase.com/docs/enterprise-oceanbase-database-cn-1000000000823288"
    ],
    "Title": [
        "JSON_TYPE"
    ],
    "Feature": [
        "JSON_TYPE(json_val)\n"
    ],
    "Description": [
        "该函数返回代表 JSON 值类型的 utf8mb4 字符串。",
        "参数 json_val 可以是对象、数组或标量类型。",
        "如果参数为 NULL，则返回 NULL。如果参数不是有效的 JSON 值，则会报错。"
    ],
    "Examples": [
        "obclient> SET @jn = '{\"a\": [10, true]}';\nQuery OK, 0 rows affected\n\nobclient> SELECT JSON_TYPE(JSON_EXTRACT(@jn, '$.a'));\n+-------------------------------------+\n| JSON_TYPE(JSON_EXTRACT(@jn, '$.a')) |\n+-------------------------------------+\n| ARRAY                               |\n+-------------------------------------+\n1 row in set\n\nobclient> SELECT JSON_TYPE(JSON_EXTRACT(@jn, '$.a[0]'));\n+----------------------------------------+\n| JSON_TYPE(JSON_EXTRACT(@jn, '$.a[0]')) |\n+----------------------------------------+\n| INTEGER                                |\n+----------------------------------------+\n1 row in set\n\nobclient> SELECT JSON_TYPE(JSON_EXTRACT(@jn, '$.a[1]'));\n+----------------------------------------+\n| JSON_TYPE(JSON_EXTRACT(@jn, '$.a[1]')) |\n+----------------------------------------+\n| BOOLEAN                                |\n+----------------------------------------+\n1 row in set\n\nobclient> SELECT JSON_TYPE(NULL);\n+-----------------+\n| JSON_TYPE(NULL) |\n+-----------------+\n| NULL            |\n+-----------------+\n1 row in set\n\nobclient> SELECT JSON_TYPE(1);\nERROR 3146 (22032): Invalid data type for JSON data in argument 1\nto function json_type; a JSON string or JSON type is required.\n"
    ],
    "Category": [
        "JSON Functions"
    ]
}