{
    "HTML": [
        "https://www.oceanbase.com/docs/enterprise-oceanbase-database-cn-1000000000823307"
    ],
    "Title": [
        "MEMBER OF"
    ],
    "Feature": [
        "value MEMBER OF(json_array)\n"
    ],
    "Description": [
        "如果被检索的元素和 JSON 数组中的任意一个元素相同，则该函数返回 1，否则返回 0。",
        "如果 value 是 json_array 的元素，则返回 1，否则返回 0。",
        "value 必须是标量或 JSON 文档；如果它是标量，则运算符会将其视为 JSON 数组的元素。"
    ],
    "Examples": [
        "obclient> SELECT 45 MEMBER OF('[123, \"abc\", 45, \"ab\", 10]');\n+--------------------------------------------+\n| 45 MEMBER OF('[123, \"abc\", 45, \"ab\", 10]') |\n+--------------------------------------------+\n|                                          1 |\n+--------------------------------------------+\n1 row in set\n\nobclient> SELECT 'cd' MEMBER OF('[23, \"abc\", 17, \"cd\", 10]');\n+---------------------------------------------+\n| 'cd' MEMBER OF('[23, \"abc\", 17, \"cd\", 10]') |\n+---------------------------------------------+\n|                                           1 |\n+---------------------------------------------+\n1 row in set\n\nobclient> SELECT 5 MEMBER OF('[123, \"abc\", 45, \"ab\", 10]');\n+-------------------------------------------+\n| 5 MEMBER OF('[123, \"abc\", 45, \"ab\", 10]') |\n+-------------------------------------------+\n|                                         0 |\n+-------------------------------------------+\n1 row in set\n\nobclient> SELECT\n       45 MEMBER OF('[23, \"abc\", \"45\", \"ab\", 10]'),\n      \"45\" MEMBER OF('[23, \"abc\", 45, \"ab\", 10]')\\G\n*************************** 1. row ***************************\n45 MEMBER OF('[23, \"abc\", \"45\", \"ab\", 10]'): 0\n\"45\" MEMBER OF('[23, \"abc\", 45, \"ab\", 10]'): 0\n1 row in set\n\nobclient> SELECT CAST('[4,5]' AS JSON) MEMBER OF('[[3,2],[4,5]]');\n+--------------------------------------------------+\n| CAST('[4,5]' AS JSON) MEMBER OF('[[3,2],[4,5]]') |\n+--------------------------------------------------+\n|                                                1 |\n+--------------------------------------------------+\n1 row in set\n\nobclient> SELECT JSON_ARRAY(4,5) MEMBER OF('[[3,2],[4,5]]');\n+--------------------------------------------+\n| JSON_ARRAY(4,5) MEMBER OF('[[3,2],[4,5]]') |\n+--------------------------------------------+\n|                                          1 |\n+--------------------------------------------+\n1 row in set\n"
    ],
    "Category": [
        "JSON Functions"
    ]
}