{
    "HTML": [
        "https://www.oceanbase.com/docs/enterprise-oceanbase-database-cn-1000000000823444"
    ],
    "Title": [
        "QUOTE"
    ],
    "Feature": [
        "quote(str)\n"
    ],
    "Description": [
        "引用一个字符串以产生一个结果可以作为 SQL 语句中正确地转义数据值。",
        "对于一般情况，返回的字符串会在原字符串前后加单引号（'）。",
        "对于每个反斜杠（\\）、单引号（'）、ASCII 编码的 NUL 值与 Control+Z，会在前面加反斜杠（\\）。",
        "如果参数为 NULL，则返回值为不包括单引号的 'NULL' 字符串。"
    ],
    "Examples": [
        "obclient> SELECT QUOTE('Don\\'t!');\n+------------------+\n| QUOTE('Don\\'t!') |\n+------------------+\n| 'Don\\'t!'        |\n+------------------+\n1 row in set\n\nobclient> SELECT QUOTE(NULL);\n+-------------+\n| QUOTE(NULL) |\n+-------------+\n| NULL        |\n+-------------+\n1 row in set\n\nobclient> SELECT LENGTH(QUOTE(NULL));\n+---------------------+\n| LENGth(QUOTE(NULL)) |\n+---------------------+\n|                   4 |\n+---------------------+\n1 row in set\n"
    ],
    "Category": [
        "String Functions"
    ]
}