{
    "HTML": [
        "https://www.oceanbase.com/docs/enterprise-oceanbase-database-cn-1000000000823457"
    ],
    "Title": [
        "REGEXP_INSTR"
    ],
    "Feature": [
        "REGEXP_INSTR(expr, pat [, pos [, occurrence [, return_option [, match_type ]]]])\n"
    ],
    "Description": [
        "返回表达式 expr 中满足表达式 pat 的子字符串的起始位置。如果不存在满足匹配规则的子字符串则返回 0，如果 expr 或 pat 为 NULL，则该函数也返回 NULL。返回值所表示的位置从 1 开始。",
        "pos 表示从表达式 expr 的第几个字符开始搜索，缺省为 1。",
        "occurrence 表示 expr 中第几次出现 pat 的位置，缺省为 1。",
        "return_option 表示返回值的类型，缺省为 0。",
        "\n取值为 0 时，表示 REGEXP_INSTR() 返回匹配到的第一个字符的位置。\n取值为 1 时，表示 REGEXP_INSTR() 返回匹配到的最后一个字符的位置。\n",
        "取值为 0 时，表示 REGEXP_INSTR() 返回匹配到的第一个字符的位置。",
        "取值为 1 时，表示 REGEXP_INSTR() 返回匹配到的最后一个字符的位置。",
        "match_type 表示匹配规则。有关匹配规则的详细信息，请参见 REGEXP_LIKE。"
    ],
    "Examples": [
        "obclient> SELECT REGEXP_INSTR('ocean base oceanbase', 'ocean');\n+-----------------------------------------------+\n| REGEXP_INSTR('ocean base oceanbase', 'ocean') |\n+-----------------------------------------------+\n|                                             1 |\n+-----------------------------------------------+\n1 row in set\n\nobclient> SELECT REGEXP_INSTR('ocean base oceanbase', 'ocean',2);\n+-------------------------------------------------+\n| REGEXP_INSTR('ocean base oceanbase', 'ocean',2) |\n+-------------------------------------------------+\n|                                               12 |\n+-------------------------------------------------+\n1 row in set\n\nobclient> SELECT REGEXP_INSTR('ocean base oceanbase', 'ocean',1,2);\n+---------------------------------------------------+\n| REGEXP_INSTR('ocean base oceanbase', 'ocean',1,2) |\n+---------------------------------------------------+\n|                                                12 |\n+---------------------------------------------------+\n1 row in set\n\nobclient> SELECT REGEXP_INSTR('ocean base oceanbase', 'ocean',1,2,1);\n+-----------------------------------------------------+\n| REGEXP_INSTR('ocean base oceanbase', 'ocean',1,2,1) |\n+-----------------------------------------------------+\n|                                                  17 |\n+-----------------------------------------------------+\n1 row in set\n"
    ],
    "Category": [
        "String Functions"
    ]
}