{
    "HTML": [
        "https://www.oceanbase.com/docs/enterprise-oceanbase-database-cn-1000000000823407"
    ],
    "Title": [
        "SEC_TO_TIME"
    ],
    "Feature": [
        "SEC_TO_TIME(seconds)\n"
    ],
    "Description": [
        "返回 seconds 转换为的时间类型。结果的范围仅限于 TIME 数据类型的范围。"
    ],
    "Examples": [
        "obclient> SELECT SEC_TO_TIME(2378);\n+-------------------+\n| SEC_TO_TIME(2378) |\n+-------------------+\n| 00:39:38          |\n+-------------------+\n1 row in set\n\nobclient> SELECT SEC_TO_TIME(2378) + 0;\n+-----------------------+\n| SEC_TO_TIME(2378) + 0 |\n+-----------------------+\n|                  3938 |\n+-----------------------+\n1 row in set\n"
    ],
    "Category": [
        "Date and Time Functions"
    ]
}