{
    "HTML": [
        "https://www.oceanbase.com/docs/enterprise-oceanbase-database-cn-1000000000823394"
    ],
    "Title": [
        "STR_TO_DATE"
    ],
    "Feature": [
        "STR_TO_DATE(str, format)\n"
    ],
    "Description": [
        "使用 format 将 str 转换为 DATETIME 值、DATE 值或 TIME 值。返回值类型取决于 format 包含日期时间的哪些部分。",
        "如果 str 或 format 为 NULL，则该函数返回 NULL。",
        "如果 str 非有效的日期格式，则返回值会根据 sql_mode 的设置有所不同：",
        "\nsql_mode 包含了 NO_ZERO_IN_DATE：返回 NULL。\nsql_mode 不包含 NO_ZERO_IN_DATE：\n\n如果 str 为 INT 类型，并且 str < 0，则返回 0000-00-00 00:00:00，并提示 Warning。 obclient> SELECT STR_TO_DATE(-100,'%Y-%b-%D %r');\n+---------------------------------+\n| STR_TO_DATE(-100,'%Y-%b-%D %r') |\n+---------------------------------+\n| 0000-00-00 00:00:00             |\n+---------------------------------+\n1 row in set, 1 warning\n\n如果 str 为 INT 类型，并且 0 ≤ str ≤ 69，则返回 1999-11-30 00:00:00 加 str 的年份； obclient> SELECT STR_TO_DATE(0,'%Y-%b-%D %r');\n+------------------------------+\n| STR_TO_DATE(0,'%Y-%b-%D %r') |\n+------------------------------+\n| 1999-11-30 00:00:00          |\n+------------------------------+\n1 row in set\n\n如果 str 为 INT 类型，并且 69 < str ≤ 99，则返回 1969-11-30 00:00:00 加 str - 70 的年份。 obclient> SELECT STR_TO_DATE(88,'%Y-%b-%D %r');\n+-------------------------------+\n| STR_TO_DATE(88,'%Y-%b-%D %r') |\n+-------------------------------+\n| 1987-11-30 00:00:00           |\n+-------------------------------+\n1 row in set\n\n如果 str 为 INT 类型，并且 100 < str ≤ 9999，则返回 0099-11-30 00:00:00 加 str - 100 的年份。 obclient> SELECT STR_TO_DATE(2088,'%Y-%b-%D %r');\n+---------------------------------+\n| STR_TO_DATE(2088,'%Y-%b-%D %r') |\n+---------------------------------+\n| 2087-11-30 00:00:00             |\n+---------------------------------+\n1 row in set\n\n如果 str为 INT 类型，并且 str > 10000，则返回 NULL，并提示 Warning。 obclient> SELECT STR_TO_DATE(10001,'%Y-%b-%D %r');\n+----------------------------------+\n| STR_TO_DATE(10001,'%Y-%b-%D %r') |\n+----------------------------------+\n| NULL                             |\n+----------------------------------+\n1 row in set, 1 warning\n\n如果 str 为字符串，则会将字符串尽可能转换为日期时间，并返回 1999-11-30 00:00:00 加 str 作为类型的日期时间；如果不能转换为日期时间，则返回 NULL。 obclient> SELECT STR_TO_DATE('a2014-Jan-1st 5:5:5 pm', '%Y-%b-%D %r');\n+------------------------------------------------------+\n| STR_TO_DATE('a2014-Jan-1st 5:5:5 pm', '%Y-%b-%D %r') |\n+------------------------------------------------------+\n| NULL                                                 |\n+------------------------------------------------------+\n1 row in set, 1 warning\n\nobclient> SELECT STR_TO_DATE('a2014-Jan-1st 5:5:5 pm', 'a%Y-%b-%D %r');\n+-------------------------------------------------------+\n| STR_TO_DATE('a2014-Jan-1st 5:5:5 pm', 'a%Y-%b-%D %r') |\n+-------------------------------------------------------+\n| 2014-01-01 05:05:05                                   |\n+-------------------------------------------------------+\n1 row in set\n\n如果 str 为其他类型，则返回 NULL，并提示 Warning。 obclient> SELECT STR_TO_DATE(1.6,'%Y-%b-%D %r');\n+--------------------------------+\n| STR_TO_DATE(1.6,'%Y-%b-%D %r') |\n+--------------------------------+\n| NULL                           |\n+--------------------------------+\n1 row in set, 1 warning\n\nobclient> SELECT STR_TO_DATE(pi(),'%Y-%b-%D %r');\n+---------------------------------+\n| STR_TO_DATE(pi(),'%Y-%b-%D %r') |\n+---------------------------------+\n| NULL                            |\n+---------------------------------+\n1 row in set, 1 warning\n\n\n",
        "sql_mode 包含了 NO_ZERO_IN_DATE：返回 NULL。",
        "sql_mode 不包含 NO_ZERO_IN_DATE：",
        "\n如果 str 为 INT 类型，并且 str < 0，则返回 0000-00-00 00:00:00，并提示 Warning。 obclient> SELECT STR_TO_DATE(-100,'%Y-%b-%D %r');\n+---------------------------------+\n| STR_TO_DATE(-100,'%Y-%b-%D %r') |\n+---------------------------------+\n| 0000-00-00 00:00:00             |\n+---------------------------------+\n1 row in set, 1 warning\n\n如果 str 为 INT 类型，并且 0 ≤ str ≤ 69，则返回 1999-11-30 00:00:00 加 str 的年份； obclient> SELECT STR_TO_DATE(0,'%Y-%b-%D %r');\n+------------------------------+\n| STR_TO_DATE(0,'%Y-%b-%D %r') |\n+------------------------------+\n| 1999-11-30 00:00:00          |\n+------------------------------+\n1 row in set\n\n如果 str 为 INT 类型，并且 69 < str ≤ 99，则返回 1969-11-30 00:00:00 加 str - 70 的年份。 obclient> SELECT STR_TO_DATE(88,'%Y-%b-%D %r');\n+-------------------------------+\n| STR_TO_DATE(88,'%Y-%b-%D %r') |\n+-------------------------------+\n| 1987-11-30 00:00:00           |\n+-------------------------------+\n1 row in set\n\n如果 str 为 INT 类型，并且 100 < str ≤ 9999，则返回 0099-11-30 00:00:00 加 str - 100 的年份。 obclient> SELECT STR_TO_DATE(2088,'%Y-%b-%D %r');\n+---------------------------------+\n| STR_TO_DATE(2088,'%Y-%b-%D %r') |\n+---------------------------------+\n| 2087-11-30 00:00:00             |\n+---------------------------------+\n1 row in set\n\n如果 str为 INT 类型，并且 str > 10000，则返回 NULL，并提示 Warning。 obclient> SELECT STR_TO_DATE(10001,'%Y-%b-%D %r');\n+----------------------------------+\n| STR_TO_DATE(10001,'%Y-%b-%D %r') |\n+----------------------------------+\n| NULL                             |\n+----------------------------------+\n1 row in set, 1 warning\n\n如果 str 为字符串，则会将字符串尽可能转换为日期时间，并返回 1999-11-30 00:00:00 加 str 作为类型的日期时间；如果不能转换为日期时间，则返回 NULL。 obclient> SELECT STR_TO_DATE('a2014-Jan-1st 5:5:5 pm', '%Y-%b-%D %r');\n+------------------------------------------------------+\n| STR_TO_DATE('a2014-Jan-1st 5:5:5 pm', '%Y-%b-%D %r') |\n+------------------------------------------------------+\n| NULL                                                 |\n+------------------------------------------------------+\n1 row in set, 1 warning\n\nobclient> SELECT STR_TO_DATE('a2014-Jan-1st 5:5:5 pm', 'a%Y-%b-%D %r');\n+-------------------------------------------------------+\n| STR_TO_DATE('a2014-Jan-1st 5:5:5 pm', 'a%Y-%b-%D %r') |\n+-------------------------------------------------------+\n| 2014-01-01 05:05:05                                   |\n+-------------------------------------------------------+\n1 row in set\n\n如果 str 为其他类型，则返回 NULL，并提示 Warning。 obclient> SELECT STR_TO_DATE(1.6,'%Y-%b-%D %r');\n+--------------------------------+\n| STR_TO_DATE(1.6,'%Y-%b-%D %r') |\n+--------------------------------+\n| NULL                           |\n+--------------------------------+\n1 row in set, 1 warning\n\nobclient> SELECT STR_TO_DATE(pi(),'%Y-%b-%D %r');\n+---------------------------------+\n| STR_TO_DATE(pi(),'%Y-%b-%D %r') |\n+---------------------------------+\n| NULL                            |\n+---------------------------------+\n1 row in set, 1 warning\n\n",
        "如果 str 为 INT 类型，并且 str < 0，则返回 0000-00-00 00:00:00，并提示 Warning。",
        "obclient> SELECT STR_TO_DATE(-100,'%Y-%b-%D %r');\n+---------------------------------+\n| STR_TO_DATE(-100,'%Y-%b-%D %r') |\n+---------------------------------+\n| 0000-00-00 00:00:00             |\n+---------------------------------+\n1 row in set, 1 warning\n",
        "如果 str 为 INT 类型，并且 0 ≤ str ≤ 69，则返回 1999-11-30 00:00:00 加 str 的年份；",
        "obclient> SELECT STR_TO_DATE(0,'%Y-%b-%D %r');\n+------------------------------+\n| STR_TO_DATE(0,'%Y-%b-%D %r') |\n+------------------------------+\n| 1999-11-30 00:00:00          |\n+------------------------------+\n1 row in set\n",
        "如果 str 为 INT 类型，并且 69 < str ≤ 99，则返回 1969-11-30 00:00:00 加 str - 70 的年份。",
        "obclient> SELECT STR_TO_DATE(88,'%Y-%b-%D %r');\n+-------------------------------+\n| STR_TO_DATE(88,'%Y-%b-%D %r') |\n+-------------------------------+\n| 1987-11-30 00:00:00           |\n+-------------------------------+\n1 row in set\n",
        "如果 str 为 INT 类型，并且 100 < str ≤ 9999，则返回 0099-11-30 00:00:00 加 str - 100 的年份。",
        "obclient> SELECT STR_TO_DATE(2088,'%Y-%b-%D %r');\n+---------------------------------+\n| STR_TO_DATE(2088,'%Y-%b-%D %r') |\n+---------------------------------+\n| 2087-11-30 00:00:00             |\n+---------------------------------+\n1 row in set\n",
        "如果 str为 INT 类型，并且 str > 10000，则返回 NULL，并提示 Warning。",
        "obclient> SELECT STR_TO_DATE(10001,'%Y-%b-%D %r');\n+----------------------------------+\n| STR_TO_DATE(10001,'%Y-%b-%D %r') |\n+----------------------------------+\n| NULL                             |\n+----------------------------------+\n1 row in set, 1 warning\n",
        "如果 str 为字符串，则会将字符串尽可能转换为日期时间，并返回 1999-11-30 00:00:00 加 str 作为类型的日期时间；如果不能转换为日期时间，则返回 NULL。",
        "obclient> SELECT STR_TO_DATE('a2014-Jan-1st 5:5:5 pm', '%Y-%b-%D %r');\n+------------------------------------------------------+\n| STR_TO_DATE('a2014-Jan-1st 5:5:5 pm', '%Y-%b-%D %r') |\n+------------------------------------------------------+\n| NULL                                                 |\n+------------------------------------------------------+\n1 row in set, 1 warning\n\nobclient> SELECT STR_TO_DATE('a2014-Jan-1st 5:5:5 pm', 'a%Y-%b-%D %r');\n+-------------------------------------------------------+\n| STR_TO_DATE('a2014-Jan-1st 5:5:5 pm', 'a%Y-%b-%D %r') |\n+-------------------------------------------------------+\n| 2014-01-01 05:05:05                                   |\n+-------------------------------------------------------+\n1 row in set\n",
        "如果 str 为其他类型，则返回 NULL，并提示 Warning。",
        "obclient> SELECT STR_TO_DATE(1.6,'%Y-%b-%D %r');\n+--------------------------------+\n| STR_TO_DATE(1.6,'%Y-%b-%D %r') |\n+--------------------------------+\n| NULL                           |\n+--------------------------------+\n1 row in set, 1 warning\n\nobclient> SELECT STR_TO_DATE(pi(),'%Y-%b-%D %r');\n+---------------------------------+\n| STR_TO_DATE(pi(),'%Y-%b-%D %r') |\n+---------------------------------+\n| NULL                            |\n+---------------------------------+\n1 row in set, 1 warning\n",
        "有关 format 支持的格式，请参见 DATE_FORMAT。"
    ],
    "Examples": [
        "obclient> SELECT STR_TO_DATE('2014-Jan-1st 5:5:5 pm', '%Y-%b-%D %r');\n+-----------------------------------------------------+\n| STR_TO_DATE('2014-Jan-1st 5:5:5 pm', '%Y-%b-%D %r') |\n+-----------------------------------------------------+\n| 2014-01-01 05:05:05                                 |\n+-----------------------------------------------------+\n1 row in set\n"
    ],
    "Category": [
        "Date and Time Functions"
    ]
}