{
    "HTML": [
        "https://www.oceanbase.com/docs/enterprise-oceanbase-database-cn-1000000000823402"
    ],
    "Title": [
        "TIME_TO_SEC"
    ],
    "Feature": [
        "TIME_TO_SEC(time)\n"
    ],
    "Description": [
        "将时间类型参数 time 转换为秒。"
    ],
    "Examples": [
        "obclient> SELECT TIME_TO_SEC('22:23:00');\n+-------------------------+\n| TIME_TO_SEC('22:23:00') |\n+-------------------------+\n|                   80580 |\n+-------------------------+\n1 row in set\n\nobclient> SELECT TIME_TO_SEC('00:39:38');\n+-------------------------+\n| TIME_TO_SEC('00:39:38') |\n+-------------------------+\n|                    2378 |\n+-------------------------+\n1 row in set\n"
    ],
    "Category": [
        "Date and Time Functions"
    ]
}