{
    "HTML": [
        "https://www.oceanbase.com/docs/enterprise-oceanbase-database-cn-1000000000822948"
    ],
    "Title": [
        "DEFAULT"
    ],
    "Feature": [
        "DEFAULT(col_name)\n"
    ],
    "Description": [
        "返回表列的默认值，如果指定的列没有默认值，则会返回 NULL。"
    ],
    "Examples": [
        "obclient> CREATE TABLE t1 (id int,i int DEFAULT 1);\nQuery OK, 0 rows affected\nobclient> INSERT INTO t1 VALUES (1,3);\nQuery OK, 1 row affected\nobclient> UPDATE t1 SET i = DEFAULT(i)+1 WHERE id < 100;\nQuery OK, 1 row affected\nRows matched: 1  Changed: 1  Warnings: 0\nobclient> SELECT * FROM t;\n+------+------+\n| id   | i    |\n+------+------+\n|    1 |    2 |\n+------+------+\n1 row in set\n\nobclient> CREATE TABLE t2 (id int,i int);\nQuery OK, 0 rows affected\nobclient> INSERT INTO t2 VALUES (1,3);\nQuery OK, 1 row affected\nobclient> UPDATE t2 SET i = DEFAULT(i)+1 WHERE id < 100;\nobclient> SELECT * FROM t2;\n+------+------+\n| id   | i    |\n+------+------+\n|    1 | NULL |\n+------+------+\n1 row in set\n"
    ],
    "Category": [
        "Miscellaneous Functions"
    ]
}