{
    "HTML": [
        "https://www.oceanbase.com/docs/enterprise-oceanbase-database-cn-1000000000823015"
    ],
    "Title": [
        "GROUP_CONCAT"
    ],
    "Feature": [
        "GROUP_CONCAT([DISTINCT] expr [,expr ...]\n             [ORDER BY {unsigned_integer | col_name | expr}\n                 [ASC | DESC] [,col_name ...]]\n             [SEPARATOR str_val])\n"
    ],
    "Description": [
        "返回带有来自一个组的连接的非 NULL 值的字符串结果。",
        "ORDER BY 用于指定排序列，ASC 表示生序排列，DESC 表示降序排列，默认为 ASC。",
        "SEPARATOR 用于指定连接字符串间的分隔符，默认分隔符为 ,。"
    ],
    "Examples": [
        "obclient> SELECT * FROM book;     //表book（书编号，书名，出版社）\n+--------+--------------------------------+-----------------------------+\n| bookid | bookname                       | publishname                 |\n+--------+--------------------------------+-----------------------------+\n|      1 | git help                       | alibaba group publisher     |\n|      2 | MySQL性能优化                  | 浙江大学图文出版社          |\n|      3 | JAVA编程指南                   | 机械工业出版社              |\n|      3 | JAVA编程指南                   | 机械工业出版社              |\n|      4 | 大规模分布式存储系统           | 机械工业出版社              |\n+--------+--------------------------------+-----------------------------+\n5 rows in set   \n\n//查找书名信息\nobclient> SELECT GROUP_CONCAT(bookname) FROM book GROUP BY bookname;\n+-----------------------------------+\n| GROUP_CONCAT(bookname)            |\n+-----------------------------------+\n| git help                          |\n| JAVA编程指南,JAVA编程指南         |\n| MySQL性能优化                     |\n| 大规模分布式存储系统              |\n+-----------------------------------+\n4 rows in set\n\n//查找书名信息，书名唯一\nobclient> SELECT GROUP_CONCAT(distinct(bookname)) FROM book GROUP BY bookname;\n+----------------------------------+\n| GROUP_CONCAT(distinct(bookname)) |\n+----------------------------------+\n| git help                         |\n| JAVA编程指南                     |\n| MySQL性能优化                    |\n| 大规模分布式存储系统             |\n+----------------------------------+\n4 rows in set    \n\n//查找书名和出版社信息，以书名分组，出版社信息降序排序显示\nobclient> SELECT bookname, GROUP_CONCAT(publishname ORDER BY publishname DESC SEPARATOR ';' ) FROM book GROUP BY bookname;\n+--------------------------------+---------------------------------------------------------------------+\n| bookname                       | GROUP_CONCAT(publishname ORDER BY publishname DESC SEPARATOR ';' ) |\n+--------------------------------+---------------------------------------------------------------------+\n| git help                       | alibaba group publisher                                             |\n| JAVA编程指南                   | 机械工业出版社;机械工业出版社                                       |\n| MySQL性能优化                  | 浙江大学图文出版社                                                  |\n| 大规模分布式存储系统           | 机械工业出版社                                                      |\n+--------------------------------+---------------------------------------------------------------------+\n4 rows in set\n"
    ],
    "Category": [
        "Aggregate Functions"
    ]
}