{
    "HTML": [
        "https://mariadb.com/kb/en/inet6/"
    ],
    "Title": [
        "INET6"
    ],
    "Feature": [
        "INET6\n"
    ],
    "Description": [
        "The INET6 data type is intended for storage of IPv6 addresses, as well as IPv4 addresses assuming conventional mapping of IPv4 addresses into IPv6 addresses.",
        "Both short and long IPv6 notation are permitted, according to RFC-5952.",
        "Values are stored as a 16-byte fixed length binary string, with most significant byte first.\nStorage engines see INET6 as BINARY(16).\nClients see INET6 as CHAR(39) and get text representation on retrieval.\n",
        "The IPv4-compatible notation is considered as deprecated. It is supported for compatibility with the INET6_ATON function, which also understands this format. It's recommended to use the mapped format to store IPv4 addresses in INET6.",
        "When an IPv4 mapped (or compatible) value is stored in INET6, it still occupies 16 bytes:",
        "Retrieval",
        "On retrieval, in the client-server text protocol, INET6 values are converted to the short text representation, according to RFC-5952, that is with all leading zeroes in each group removed and with consequent zero groups compressed.",
        "Besides creating one's own stored function, there is no a way to retrieve an INET6 value using long text representation.",
        "Casting",
        "CAST from a character string to INET6 understands addresses in short or long text notation (including IPv4 mapped and compatible addresses). NULL is returned if the format is not understood.\nCAST from a binary string to INET6 requires a 16-byte string as an argument. NULL is returned if the argument length is not equal to 16.\nCAST from other data types to INET6 first converts data to a character string, then CAST from character string to INET6 is applied.\nCAST from INET6 to CHAR returns short text address notation.\nCAST from INET6 to BINARY returns its 16-byte binary string representation.\nCAST from INET6 to data types other than CHAR (e.g. SIGNED, UNSIGNED, TIME, etc) returns an error.\n",
        "Comparisons",
        "An INET6 expression can be compared to:",
        "another INET6 expression\na character string expression with a text (short or long) address representation:\na 16-byte binary string expression:\n",
        "Attempting to compare INET6 to an expression of any other data type returns an error.",
        "Mixing INET6 Values for Result",
        "An INET6 expression can be mixed for result (i.e. UNION, CASE..THEN, COALESCE etc) with:",
        "another INET6 expression. The resulting data type is INET6.\na character string in text (short or long) address representation. The result data type is INET6. The character string counterpart is automatically converted to INET6. If the string format is not understood, it's converted with a warning to either NULL or to '::', depending on the NULL-ability of the result.\na 16-byte binary string. The resulting data type is INET6. The binary string counterpart is automatically converted to INET6. If the length of the binary string is not equal to 16, it's converted with a warning to NULL or to '::' depending on the NULL-ability of the result.\n",
        "Attempts to mix INET6 for result with other data types will return an error.",
        "Mixing INET6 with other data types for LEAST and GREATEST, when mixing for comparison and mixing for result are involved at the same time, uses the same rules with mixing for result, described in the previous paragraphs.",
        "Functions and Operators",
        "HEX() with an INET6 argument returns a hexadecimal representation of the underlying 16-byte binary string\nArithmetic operators (+,-,*,/,MOD,DIV) are not supported for INET6. This may change in the future.\nThe INET6_ATON function now understands INET6 values as an argument\nThe prototypes of the IS_IPV4_COMPAT and IS_IPV4_MAPPED functions have changed from a BINARY(16) to a INET6,\nWhen the argument for these two functions is not INET6, automatic implicit CAST to INET6 is applied. As a consequence, both functions now understand arguments in both text representation and binary(16) representation. Before MariaDB 10.5.0, these functions understood only binary(16) representation.\n",
        "Prepared Statement Parameters",
        "INET6 understands both text and binary(16) address representation in prepared statement parameters (PREPARE..EXECUTE and EXECUTE IMMEDIATE statements).",
        "Migration between  BINARY(16) and INET6",
        "Before MariaDB 10.5.0, you may have used BINARY(16) as a storage for IPv6 internet addresses, in combination with INET6_ATON and INET6_NTOA to respectively insert and retrieve data.",
        "From 10.5, you can ALTER BINARY(16) columns storing IPv6 addresses to INET6. After such an alter, there is no a need to use INET6_ATON() and INET6_NTOA(). Addresses can be inserted and retrieved directly.",
        "It is also possible to convert INET6 columns to BINARY(16) and continue using the data in combination with INET6_NTOA() and INET6_ATON()."
    ],
    "Examples": [
        "CREATE TABLE t1 (a INET6);\n",
        "INSERT INTO t1 VALUES ('2001:db8::ff00:42:8329');\n",
        "INSERT INTO t1 VALUES ('2001:0db8:0000:0000:0000:ff00:0042:8329');\n",
        "INSERT INTO t1 VALUES (0x20010DB8000000000000FF0000428329);\nINSERT INTO t1 VALUES (UNHEX('20010DB8000000000000FF0000428329'));\n",
        "INSERT INTO t1 VALUES ('::ffff:192.0.2.128'); -- mapped\nINSERT INTO t1 VALUES ('::192.0.2.128'); -- compatible\n",
        "SELECT * FROM t1;\n+------------------------+\n| a                      |\n+------------------------+\n| 2001:db8::ff00:42:8329 |\n| 2001:db8::ff00:42:8329 |\n| 2001:db8::ff00:42:8329 |\n| 2001:db8::ff00:42:8329 |\n| ::ffff:192.0.2.128     |\n| ::192.0.2.128          |\n+------------------------+\n",
        "CREATE OR REPLACE TABLE t1 (a INET6);\n\nINSERT INTO t1 VALUES ('::ffff:192.0.2.128');\n\nSELECT * FROM t1;\n+--------------------+\n| a                  |\n+--------------------+\n| ::ffff:192.0.2.128 |\n+--------------------+\n\nSELECT HEX(a) FROM t1;\n+----------------------------------+\n| HEX(a)                           |\n+----------------------------------+\n| 00000000000000000000FFFFC0000280 |\n+----------------------------------+\n",
        "SELECT CAST(a AS DECIMAL) FROM t1;\n\nERROR 4079 (HY000): Illegal parameter data type inet6 for operation 'decimal_typecast'\n",
        "    CREATE OR REPLACE TABLE t1 (a INET6);\n    CREATE OR REPLACE TABLE t2 (a INET6);\n\n    INSERT INTO t1 VALUES ('2001:db8::ff00:42:8328'),('2001:db8::ff00:42:8329');\n    INSERT INTO t2 VALUES ('2001:db8::ff00:42:832a'),('2001:db8::ff00:42:8329');\n\n    SELECT t1.* FROM t1,t2 WHERE t1.a=t2.a;\n    +------------------------+\n    | a                      |\n    +------------------------+\n    | 2001:db8::ff00:42:8329 |\n    +------------------------+\n",
        "    CREATE OR REPLACE TABLE t1 (a INET6);\n\n    INSERT INTO t1 VALUES ('2001:db8::ff00:42:8329');\n\n    SELECT * FROM t1 WHERE a='2001:db8::ff00:42:8329';\n    +------------------------+\n    | a                      |\n    +------------------------+\n    | 2001:db8::ff00:42:8329 |\n    +------------------------+\n",
        "    CREATE OR REPLACE TABLE t1 (a INET6);\n\n    INSERT INTO t1 VALUES ('2001:db8::ff00:42:8329');\n\n    SELECT * FROM t1 WHERE a=X'20010DB8000000000000FF0000428329';\n    +------------------------+\n    | a                      |\n    +------------------------+\n    | 2001:db8::ff00:42:8329 |\n    +------------------------+\n",
        "SELECT * FROM t1 WHERE a=1;\nERROR 4078 (HY000): Illegal parameter data types inet6 and int for operation '='\n",
        "    CREATE OR REPLACE TABLE t1 (a INET6, b INET6);\n\n    INSERT INTO t1 VALUES (NULL,'2001:db8::ff00:42:8329');\n\n    SELECT a FROM t1 UNION SELECT b FROM t1;\n    +------------------------+\n    | a                      |\n    +------------------------+\n    | NULL                   |\n    | 2001:db8::ff00:42:8329 |\n    +------------------------+\n\n    SELECT COALESCE(a, b) FROM t1;\n    +------------------------+\n    | COALESCE(a, b)         |\n    +------------------------+\n    | 2001:db8::ff00:42:8329 |\n    +------------------------+\n",
        "    CREATE OR REPLACE TABLE t1 (a INET6, b VARCHAR(64));\n\n    INSERT INTO t1 VALUES (NULL,'2001:db8::ff00:42:8328');\n\n    INSERT INTO t1 VALUES (NULL,'2001:db8::ff00:42:832a garbage');\n\n    SELECT COALESCE(a,b) FROM t1;\n    +------------------------+\n    | COALESCE(a,b)          |\n    +------------------------+\n    | 2001:db8::ff00:42:8328 |\n    | NULL                   |\n    +------------------------+\n    2 rows in set, 1 warning (0.001 sec)\n\n    SHOW WARNINGS;\n    +---------+------+---------------------------------------------------------+\n    | Level   | Code | Message                                                 |\n    +---------+------+---------------------------------------------------------+\n    | Warning | 1292 | Incorrect inet6 value: '2001:db8::ff00:42:832a garbage' |\n    +---------+------+---------------------------------------------------------+\n",
        "    CREATE OR REPLACE TABLE t1 (a INET6, b VARBINARY(16));\n\n    INSERT INTO t1 VALUES (NULL,CONCAT(0xFFFF,REPEAT(0x0000,6),0xFFFF));\n\n    INSERT INTO t1 VALUES (NULL,0x00/*garbage*/);\n\n    SELECT COALESCE(a,b) FROM t1;\n    +---------------+\n    | COALESCE(a,b) |\n    +---------------+\n    | ffff::ffff    |\n    | NULL          |\n    +---------------+\n    2 rows in set, 1 warning (0.001 sec)\n\n    SHOW WARNINGS;\n    +---------+------+-------------------------------+\n    | Level   | Code | Message                       |\n    +---------+------+-------------------------------+\n    | Warning | 1292 | Incorrect inet6 value: '\\x00' |\n    +---------+------+-------------------------------+\n",
        "SELECT CAST('ffff::ffff' AS INET6) UNION SELECT 1;\nERROR 4078 (HY000): Illegal parameter data types inet6 and int for operation 'UNION'\n",
        "    SELECT HEX(CAST('2001:db8::ff00:42:8329' AS INET6));\n    +----------------------------------------------+\n    | HEX(CAST('2001:db8::ff00:42:8329' AS INET6)) |\n    +----------------------------------------------+\n    | 20010DB8000000000000FF0000428329             |\n    +----------------------------------------------+\n",
        "    CREATE OR REPLACE TABLE t1 (a INET6);\n\n    INSERT INTO t1 VALUES ('2001:db8::ff00:42:8329');\n\n    SELECT a, HEX(INET6_ATON(a)) FROM t1;\n    +------------------------+----------------------------------+\n    | a                      | HEX(INET6_ATON(a))               |\n    +------------------------+----------------------------------+\n    | 2001:db8::ff00:42:8329 | 20010DB8000000000000FF0000428329 |\n    +------------------------+----------------------------------+\n",
        "    CREATE OR REPLACE TABLE t1 (a INET6);\n\n    INSERT INTO t1 VALUES ('2001:db8::ff00:42:8329');\n    INSERT INTO t1 VALUES ('::ffff:192.168.0.1');\n    INSERT INTO t1 VALUES ('::192.168.0.1');\n\n    SELECT a, IS_IPV4_MAPPED(a), IS_IPV4_COMPAT(a) FROM t1;\n    +------------------------+-------------------+-------------------+\n    | a                      | IS_IPV4_MAPPED(a) | IS_IPV4_COMPAT(a) |\n    +------------------------+-------------------+-------------------+\n    | 2001:db8::ff00:42:8329 |                 0 |                 0 |\n    | ::ffff:192.168.0.1     |                 1 |                 0 |\n    | ::192.168.0.1          |                 0 |                 1 |\n    +------------------------+-------------------+-------------------+\n",
        "    CREATE OR REPLACE TABLE t1 (\n      a INET6,\n      b VARCHAR(39) DEFAULT a\n    );\n\n    INSERT INTO t1 (a) VALUES ('ffff::ffff'),('::ffff:192.168.0.1');\n\n    SELECT a, IS_IPV4_MAPPED(a), b, IS_IPV4_MAPPED(b) FROM t1;\n    +--------------------+-------------------+--------------------+-------------------+\n    | a                  | IS_IPV4_MAPPED(a) | b                  | IS_IPV4_MAPPED(b) |\n    +--------------------+-------------------+--------------------+-------------------+\n    | ffff::ffff         |                 0 | ffff::ffff         |                 0 |\n    | ::ffff:192.168.0.1 |                 1 | ::ffff:192.168.0.1 |                 1 |\n    +--------------------+-------------------+--------------------+-------------------+\n\n    CREATE OR REPLACE TABLE t1 (\n      a INET6,\n      b BINARY(16) DEFAULT UNHEX(HEX(a))\n    );\n\n    INSERT INTO t1 (a) VALUES ('ffff::ffff'),('::ffff:192.168.0.1');\n\n    SELECT a, IS_IPV4_MAPPED(a), HEX(b), IS_IPV4_MAPPED(b) FROM t1;\n    +--------------------+-------------------+----------------------------------+-------------------+\n    | a                  | IS_IPV4_MAPPED(a) | HEX(b)                           | IS_IPV4_MAPPED(b) |\n    +--------------------+-------------------+----------------------------------+-------------------+\n    | ffff::ffff         |                 0 | FFFF000000000000000000000000FFFF |                 0 |\n    | ::ffff:192.168.0.1 |                 1 | 00000000000000000000FFFFC0A80001 |                 1 |\n    +--------------------+-------------------+----------------------------------+-------------------+\n",
        "CREATE OR REPLACE TABLE t1 (a INET6);\n\nEXECUTE IMMEDIATE 'INSERT INTO t1 VALUES (?)' USING 'ffff::fffe';\nEXECUTE IMMEDIATE 'INSERT INTO t1 VALUES (?)' USING X'FFFF000000000000000000000000FFFF';\n\nSELECT * FROM t1;\n+------------+\n| a          |\n+------------+\n| ffff::fffe |\n| ffff::ffff |\n+------------+\n\nEXECUTE IMMEDIATE 'SELECT * FROM t1 WHERE a=?' USING 'ffff::fffe';\n+------------+\n| a          |\n+------------+\n| ffff::fffe |\n+------------+\n\nEXECUTE IMMEDIATE 'SELECT * FROM t1 WHERE a=?' USING X'FFFF000000000000000000000000FFFF';\n+------------+\n| a          |\n+------------+\n| ffff::ffff |\n+------------+\n",
        "CREATE OR REPLACE TABLE t1 (a BINARY(16));\n\nINSERT INTO t1 VALUES (INET6_ATON('ffff::ffff'));\n\nSELECT INET6_NTOA(a) FROM t1;\n+---------------+\n| INET6_NTOA(a) |\n+---------------+\n| ffff::ffff    |\n+---------------+\n",
        "ALTER TABLE t1 MODIFY a INET6;\n\nINSERT INTO t1 VALUES ('ffff::fffe');\n\nSELECT * FROM t1;\n+------------+\n| a          |\n+------------+\n| ffff::ffff |\n| ffff::fffe |\n+------------+\n",
        "CREATE OR REPLACE TABLE t1 (a INET6);\n\nINSERT INTO t1 VALUES ('2001:db8::ff00:42:8329');\nINSERT INTO t1 VALUES ('::ffff:192.168.0.1');\nINSERT INTO t1 VALUES ('::192.168.0.1');\n\nALTER TABLE t1 MODIFY a BINARY(16);\n\nSELECT INET6_NTOA(a) FROM t1;\n+------------------------+\n| INET6_NTOA(a)          |\n+------------------------+\n| 2001:db8::ff00:42:8329 |\n| ::ffff:192.168.0.1     |\n| ::192.168.0.1          |\n+------------------------+\n",
        "CREATE TABLE t1 (a INET6);\n\nINSERT INTO t1 VALUES('0.0.0.0'), ('255.10.0.0'), ('255.255.255.255');\nERROR 1292 (22007): Incorrect inet6 value: '0.0.0.0' for column `test`.`t1`.`a` at row 1\n",
        "CREATE TABLE t1 (a INET6);\n\nINSERT INTO t1 VALUES('0.0.0.0'), ('255.10.0.0'), ('255.255.255.255');\nQuery OK, 3 rows affected (0.027 sec)\n"
    ],
    "Category": [
        "String Data Types"
    ],
    "EffectiveSQLsRefined": [
        "SELECT * FROM t1;",
        "CREATE OR REPLACE TABLE t1 (a INET6);",
        "INSERT INTO t1 VALUES ('::ffff:192.0.2.128');",
        "SELECT * FROM t1;",
        "SELECT HEX(a) FROM t1;",
        "CREATE OR REPLACE TABLE t1 (a INET6);",
        "CREATE OR REPLACE TABLE t2 (a INET6);",
        "INSERT INTO t1 VALUES ('2001:db8::ff00:42:8328'),('2001:db8::ff00:42:8329');",
        "INSERT INTO t2 VALUES ('2001:db8::ff00:42:832a'),('2001:db8::ff00:42:8329');",
        "SELECT t1.* FROM t1,t2 WHERE t1.a=t2.a;",
        "CREATE OR REPLACE TABLE t1 (a INET6);",
        "INSERT INTO t1 VALUES ('2001:db8::ff00:42:8329');",
        "SELECT * FROM t1 WHERE a='2001:db8::ff00:42:8329';",
        "CREATE OR REPLACE TABLE t1 (a INET6);",
        "INSERT INTO t1 VALUES ('2001:db8::ff00:42:8329');",
        "SELECT * FROM t1 WHERE a=X'20010DB8000000000000FF0000428329';",
        "CREATE OR REPLACE TABLE t1 (a INET6, b INET6);",
        "INSERT INTO t1 VALUES (NULL,'2001:db8::ff00:42:8329');",
        "SELECT a FROM t1 UNION SELECT b FROM t1;",
        "SELECT COALESCE(a, b) FROM t1;",
        "CREATE OR REPLACE TABLE t1 (a INET6, b VARCHAR(64));",
        "INSERT INTO t1 VALUES (NULL,'2001:db8::ff00:42:8328');",
        "INSERT INTO t1 VALUES (NULL,'2001:db8::ff00:42:832a garbage');",
        "SELECT COALESCE(a,b) FROM t1;",
        "CREATE OR REPLACE TABLE t1 (a INET6, b VARBINARY(16));",
        "INSERT INTO t1 VALUES (NULL,CONCAT(0xFFFF,REPEAT(0x0000,6),0xFFFF));",
        "INSERT INTO t1 VALUES (NULL,0x00/*garbage*/);",
        "SELECT COALESCE(a,b) FROM t1;",
        "SELECT HEX(CAST('2001:db8::ff00:42:8329' AS INET6));",
        "CREATE OR REPLACE TABLE t1 (a INET6);",
        "INSERT INTO t1 VALUES ('2001:db8::ff00:42:8329');",
        "SELECT a, HEX(INET6_ATON(a)) FROM t1;",
        "CREATE OR REPLACE TABLE t1 (a INET6);",
        "INSERT INTO t1 VALUES ('2001:db8::ff00:42:8329');",
        "INSERT INTO t1 VALUES ('::ffff:192.168.0.1');",
        "INSERT INTO t1 VALUES ('::192.168.0.1');",
        "SELECT a, IS_IPV4_MAPPED(a), IS_IPV4_COMPAT(a) FROM t1;",
        "CREATE OR REPLACE TABLE t1 (\n      a INET6,\n      b VARCHAR(39) DEFAULT a\n    );",
        "INSERT INTO t1 (a) VALUES ('ffff::ffff'),('::ffff:192.168.0.1');",
        "SELECT a, IS_IPV4_MAPPED(a), b, IS_IPV4_MAPPED(b) FROM t1;",
        "CREATE OR REPLACE TABLE t1 (\n      a INET6,\n      b BINARY(16) DEFAULT UNHEX(HEX(a))\n    );",
        "INSERT INTO t1 (a) VALUES ('ffff::ffff'),('::ffff:192.168.0.1');",
        "SELECT a, IS_IPV4_MAPPED(a), HEX(b), IS_IPV4_MAPPED(b) FROM t1;",
        "CREATE OR REPLACE TABLE t1 (a INET6);",
        "SELECT * FROM t1;",
        "EXECUTE IMMEDIATE 'SELECT * FROM t1 WHERE a=?' USING 'ffff::fffe';",
        "EXECUTE IMMEDIATE 'SELECT * FROM t1 WHERE a=?' USING X'FFFF000000000000000000000000FFFF';",
        "CREATE OR REPLACE TABLE t1 (a BINARY(16));",
        "INSERT INTO t1 VALUES (INET6_ATON('ffff::ffff'));",
        "SELECT INET6_NTOA(a) FROM t1;",
        "INSERT INTO t1 VALUES ('ffff::fffe');",
        "SELECT * FROM t1;",
        "CREATE OR REPLACE TABLE t1 (a INET6);",
        "INSERT INTO t1 VALUES ('2001:db8::ff00:42:8329');",
        "INSERT INTO t1 VALUES ('::ffff:192.168.0.1');",
        "INSERT INTO t1 VALUES ('::192.168.0.1');",
        "SELECT INET6_NTOA(a) FROM t1;",
        "INSERT INTO t1 VALUES('0.0.0.0'), ('255.10.0.0'), ('255.255.255.255');",
        "INSERT INTO t1 VALUES('0.0.0.0'), ('255.10.0.0'), ('255.255.255.255');"
    ],
    "EffectiveSQLsGenerated": [],
    "EffectiveSQLsGeneratedCosts": [],
    "EffectiveSQLsGeneratedErrors": [],
    "EffectiveSQLs": [
        "SELECT * FROM t1;",
        "CREATE OR REPLACE TABLE t1 (a INET6);",
        "INSERT INTO t1 VALUES ('::ffff:192.0.2.128');",
        "SELECT * FROM t1;",
        "SELECT HEX(a) FROM t1;",
        "CREATE OR REPLACE TABLE t1 (a INET6);",
        "CREATE OR REPLACE TABLE t2 (a INET6);",
        "INSERT INTO t1 VALUES ('2001:db8::ff00:42:8328'),('2001:db8::ff00:42:8329');",
        "INSERT INTO t2 VALUES ('2001:db8::ff00:42:832a'),('2001:db8::ff00:42:8329');",
        "SELECT t1.* FROM t1,t2 WHERE t1.a=t2.a;",
        "CREATE OR REPLACE TABLE t1 (a INET6);",
        "INSERT INTO t1 VALUES ('2001:db8::ff00:42:8329');",
        "SELECT * FROM t1 WHERE a='2001:db8::ff00:42:8329';",
        "CREATE OR REPLACE TABLE t1 (a INET6);",
        "INSERT INTO t1 VALUES ('2001:db8::ff00:42:8329');",
        "SELECT * FROM t1 WHERE a=X'20010DB8000000000000FF0000428329';",
        "CREATE OR REPLACE TABLE t1 (a INET6, b INET6);",
        "INSERT INTO t1 VALUES (NULL,'2001:db8::ff00:42:8329');",
        "SELECT a FROM t1 UNION SELECT b FROM t1;",
        "SELECT COALESCE(a, b) FROM t1;",
        "CREATE OR REPLACE TABLE t1 (a INET6, b VARCHAR(64));",
        "INSERT INTO t1 VALUES (NULL,'2001:db8::ff00:42:8328');",
        "INSERT INTO t1 VALUES (NULL,'2001:db8::ff00:42:832a garbage');",
        "SELECT COALESCE(a,b) FROM t1;",
        "CREATE OR REPLACE TABLE t1 (a INET6, b VARBINARY(16));",
        "INSERT INTO t1 VALUES (NULL,CONCAT(0xFFFF,REPEAT(0x0000,6),0xFFFF));",
        "INSERT INTO t1 VALUES (NULL,0x00/*garbage*/);",
        "SELECT COALESCE(a,b) FROM t1;",
        "SELECT HEX(CAST('2001:db8::ff00:42:8329' AS INET6));",
        "CREATE OR REPLACE TABLE t1 (a INET6);",
        "INSERT INTO t1 VALUES ('2001:db8::ff00:42:8329');",
        "SELECT a, HEX(INET6_ATON(a)) FROM t1;",
        "CREATE OR REPLACE TABLE t1 (a INET6);",
        "INSERT INTO t1 VALUES ('2001:db8::ff00:42:8329');",
        "INSERT INTO t1 VALUES ('::ffff:192.168.0.1');",
        "INSERT INTO t1 VALUES ('::192.168.0.1');",
        "SELECT a, IS_IPV4_MAPPED(a), IS_IPV4_COMPAT(a) FROM t1;",
        "CREATE OR REPLACE TABLE t1 (\n      a INET6,\n      b VARCHAR(39) DEFAULT a\n    );",
        "INSERT INTO t1 (a) VALUES ('ffff::ffff'),('::ffff:192.168.0.1');",
        "SELECT a, IS_IPV4_MAPPED(a), b, IS_IPV4_MAPPED(b) FROM t1;",
        "CREATE OR REPLACE TABLE t1 (\n      a INET6,\n      b BINARY(16) DEFAULT UNHEX(HEX(a))\n    );",
        "INSERT INTO t1 (a) VALUES ('ffff::ffff'),('::ffff:192.168.0.1');",
        "SELECT a, IS_IPV4_MAPPED(a), HEX(b), IS_IPV4_MAPPED(b) FROM t1;",
        "CREATE OR REPLACE TABLE t1 (a INET6);",
        "SELECT * FROM t1;",
        "EXECUTE IMMEDIATE 'SELECT * FROM t1 WHERE a=?' USING 'ffff::fffe';",
        "EXECUTE IMMEDIATE 'SELECT * FROM t1 WHERE a=?' USING X'FFFF000000000000000000000000FFFF';",
        "CREATE OR REPLACE TABLE t1 (a BINARY(16));",
        "INSERT INTO t1 VALUES (INET6_ATON('ffff::ffff'));",
        "SELECT INET6_NTOA(a) FROM t1;",
        "INSERT INTO t1 VALUES ('ffff::fffe');",
        "SELECT * FROM t1;",
        "CREATE OR REPLACE TABLE t1 (a INET6);",
        "INSERT INTO t1 VALUES ('2001:db8::ff00:42:8329');",
        "INSERT INTO t1 VALUES ('::ffff:192.168.0.1');",
        "INSERT INTO t1 VALUES ('::192.168.0.1');",
        "SELECT INET6_NTOA(a) FROM t1;",
        "INSERT INTO t1 VALUES('0.0.0.0'), ('255.10.0.0'), ('255.255.255.255');",
        "INSERT INTO t1 VALUES('0.0.0.0'), ('255.10.0.0'), ('255.255.255.255');"
    ]
}