{"HTML": ["https://www.oceanbase.com/docs/common-oceanbase-database-cn-1000000000821966"], "Title": ["UNION"], "Feature": ["UNION"], "Description": ["", "UNION 运算符用于合并两个或多个 SELECT 语句的结果集。UNION 内部的 SELECT 语句必须拥有相同数量的列。列也必须拥有相似的数据类型。同时，每条 SELECT 语句中的列的顺序必须相同。您可以指定 UNION 的属性为 UNION ALL 和 UNION DISTINCT （或只使用 UNIQUE），分别代表集合值可重复和集合值不可重复。而其它几种集合操作不能指定 ALL 属性（它们只有 DISTINCT 属性）。所有的集合操作默认的属性是 DISTINCT，即 UNION 运算符选取不同的值。", "{ (< SQL- 查询语句 1>) }\nUNION [ALL]\n{ (< SQL- 查询语句 2>) }\n"], "Examples": ["SELECT PK, name FROM table_a\n      UNION\n      SELECT PK, name FROM table_b;\n+------+-----------+\n| PK   | NAME      |\n+------+-----------+\n|    1 | 福克斯    |\n|    2 | 警车      |\n|    3 | 的士      |\n|    4 | 林肯      |\n|    5 | 纽约      |\n|    6 | 华盛顿    |\n|    7 | 戴尔      |\n|   10 | 朗讯      |\n|    8 | 微软      |\n|    9 | 苹果      |\n|   11 | 苏格兰    |\n+------+-----------+\n11 rows in set\n"], "Category": ["Set Operators"]}
{"HTML": ["https://www.oceanbase.com/docs/common-oceanbase-database-cn-1000000000821966"], "Title": ["UNION ALL"], "Feature": ["UNION ALL"], "Description": ["", "UNION 运算符用于合并两个或多个 SELECT 语句的结果集。UNION 内部的 SELECT 语句必须拥有相同数量的列。列也必须拥有相似的数据类型。同时，每条 SELECT 语句中的列的顺序必须相同。您可以指定 UNION 的属性为 UNION ALL 和 UNION DISTINCT （或只使用 UNIQUE），分别代表集合值可重复和集合值不可重复。而其它几种集合操作不能指定 ALL 属性（它们只有 DISTINCT 属性）。所有的集合操作默认的属性是 DISTINCT，即 UNION 运算符选取不同的值。", "{ (< SQL- 查询语句 1>) }\nUNION [ALL]\n{ (< SQL- 查询语句 2>) }\n"], "Examples": ["SELECT PK, name FROM table_a\n      UNION ALL\n      SELECT PK, name FROM table_b;\n+------+-----------+\n| PK   | NAME      |\n+------+-----------+\n|    1 | 福克斯    |\n|    2 | 警车      |\n|    3 | 的士      |\n|    4 | 林肯      |\n|    5 | 纽约      |\n|    6 | 华盛顿    |\n|    7 | 戴尔      |\n|   10 | 朗讯      |\n|    1 | 福克斯    |\n|    2 | 警车      |\n|    3 | 的士      |\n|    6 | 华盛顿    |\n|    7 | 戴尔      |\n|    8 | 微软      |\n|    9 | 苹果      |\n|   11 | 苏格兰    |\n+------+-----------+\n16 rows in set\n"], "Category": ["Set Operators"]}
{"HTML": ["https://www.oceanbase.com/docs/common-oceanbase-database-cn-1000000000821966"], "Title": ["INTERSECT"], "Feature": ["INTERSECT"], "Description": ["", "INTERSECT 运算符返回两个结果集的交集，即两个查询都返回的所有非重复值。", "{ (< SQL- 查询语句 1>) }\nINTERSECT\n{ (< SQL- 查询语句 2>) }\n", "限制条件", "所有查询中的列数和列的顺序必须相同。\n\n比较的两个查询结果集中的列数据类型可以不同但必须兼容。\n\n比较的两个查询结果集中不能包含不可比较的数据类型列（XML、TEXT、NTEXT、IMAGE 或非二进制 CLR 用户定义类型）。\n\n返回的结果集的列名与运算符左侧的查询返回的列名相同。ORDER BY 子句中的列名或别名必须引用左侧查询返回的列名。\n\n不能与 COMPUTE 和 COMPUTE BY 子句一起使用。\n\n通过比较行来确定非重复值时，两个 NULL 值被视为相等。"], "Examples": ["SELECT PK, NAME FROM table_a\n      INTERSECT\n      SELECT PK, NAME FROM table_b;\n+------+-----------+\n| PK   | NAME      |\n+------+-----------+\n|    1 | 福克斯    |\n|    2 | 警车      |\n|    3 | 的士      |\n|    6 | 华盛顿    |\n|    7 | 戴尔      |\n+------+-----------+\n5 rows in set\n"], "Category": ["Set Operators"]}
{"HTML": ["https://www.oceanbase.com/docs/common-oceanbase-database-cn-1000000000821966"], "Title": ["MINUS"], "Feature": ["MINUS"], "Description": ["", "MINUS 运算符返回两个结果集的差，即从左查询中返回右查询没有找到的所有非重复值。", "{ (< SQL- 查询语句 1>) }\nMINUS\n{ (< SQL- 查询语句 2>) }\n", "执行顺序", "MINUS 运算符与表达式中的其他运算符一起使用时的执行顺序如下：\n\n计算括号中的表达式。\n\n执行 INTERSECT 运算符。\n\n执行基于在表达式中的位置从左到右求值的 MINUS 和 UNION。\n\n如果 MINUS 或 INTERSECT 用于比较两个以上的查询集，则数据类型转换是通过一次比较两个查询来确定的，并遵循前面提到的表达式求值规则。"], "Examples": ["SELECT PK, NAME FROM table_a\n      MINUS\n      SELECT PK, NAME FROM table_b;\n+------+--------+\n| PK   | NAME   |\n+------+--------+\n|    4 | 林肯   |\n|    5 | 纽约   |\n|   10 | 朗讯   |\n+------+--------+\n3 rows in set\n"], "Category": ["Set Operators"]}
