{
    "HTML": [
        "https://docs.pingcap.com/zh/tidb/v8.3/miscellaneous-functions"
    ],
    "Title": [
        "ANY_VALUE()"
    ],
    "Feature": [
        "ANY_VALUE()"
    ],
    "Description": [
        "ANY_VALUE()",
        "ANY_VALUE() \u51fd\u6570\u53ef\u4ee5\u4ece\u4e00\u7ec4\u503c\u4e2d\u8fd4\u56de\u5176\u4e2d\u4efb\u610f\u4e00\u4e2a\u503c\u3002\u901a\u5e38\uff0c\u8be5\u51fd\u6570\u7528\u4e8e\u9700\u8981\u5728 SELECT \u8bed\u53e5\u4e2d\u5305\u542b\u975e\u805a\u5408\u5217\u4ee5\u53ca GROUP BY \u5b50\u53e5\u7684\u573a\u666f\u4e2d\u3002",
        "CREATE TABLE fruits (id INT PRIMARY KEY, name VARCHAR(255));\nQuery OK, 0 rows affected (0.14 sec)\n\nINSERT INTO fruits VALUES (1,'apple'),(2,'apple'),(3,'pear'),(4,'banana'),(5, 'pineapple');\nQuery OK, 5 rows affected (0.01 sec)\nRecords: 5  Duplicates: 0  Warnings: 0\n\nSELECT id,name FROM fruits GROUP BY name;\nERROR 1055 (42000): Expression #1 of SELECT list is not in GROUP BY clause and contains nonaggregated column 'test.fruits.id' which is not functionally dependent on columns in GROUP BY clause; this is incompatible with sql_mode=only_full_group_by\n\nSELECT ANY_VALUE(id),GROUP_CONCAT(id),name FROM fruits GROUP BY name;\n+---------------+------------------+-----------+\n| ANY_VALUE(id) | GROUP_CONCAT(id) | name      |\n+---------------+------------------+-----------+\n|             1 | 1,2              | apple     |\n|             3 | 3                | pear      |\n|             4 | 4                | banana    |\n|             5 | 5                | pineapple |\n+---------------+------------------+-----------+\n4 rows in set (0.00 sec)\n"
    ],
    "Examples": [
        "CREATE TABLE fruits (id INT PRIMARY KEY, name VARCHAR(255));\nQuery OK, 0 rows affected (0.14 sec)\n\nINSERT INTO fruits VALUES (1,'apple'),(2,'apple'),(3,'pear'),(4,'banana'),(5, 'pineapple');\nQuery OK, 5 rows affected (0.01 sec)\nRecords: 5  Duplicates: 0  Warnings: 0\n\nSELECT id,name FROM fruits GROUP BY name;\nERROR 1055 (42000): Expression #1 of SELECT list is not in GROUP BY clause and contains nonaggregated column 'test.fruits.id' which is not functionally dependent on columns in GROUP BY clause; this is incompatible with sql_mode=only_full_group_by\n\nSELECT ANY_VALUE(id),GROUP_CONCAT(id),name FROM fruits GROUP BY name;\n+---------------+------------------+-----------+\n| ANY_VALUE(id) | GROUP_CONCAT(id) | name      |\n+---------------+------------------+-----------+\n|             1 | 1,2              | apple     |\n|             3 | 3                | pear      |\n|             4 | 4                | banana    |\n|             5 | 5                | pineapple |\n+---------------+------------------+-----------+\n4 rows in set (0.00 sec)\n"
    ],
    "Category": [
        "\u5176\u5b83\u51fd\u6570"
    ],
    "EffectiveSQLsRefined": [
        "SELECT ANY_VALUE(id),GROUP_CONCAT(id),name FROM fruits GROUP BY name;"
    ],
    "EffectiveSQLsGenerated": [],
    "EffectiveSQLsGeneratedCosts": [],
    "EffectiveSQLsGeneratedErrors": [],
    "EffectiveSQLs": [
        "SELECT ANY_VALUE(id),GROUP_CONCAT(id),name FROM fruits GROUP BY name;"
    ]
}