{"HTML": ["https://www.oceanbase.com/docs/enterprise-oceanbase-database-cn-1000000000823244"], "Title": ["RAWTOHEX"], "Feature": ["RAWTOHEX (raw)\n"], "Description": ["该函数将一个二进制格式的字符串转换为一个相应的十六进制表示的字符串。", "\n\n\n参数\n说明\n\n\n\n\nraw\n二进制的字符串。\n\n\n", "十六进制表示的字符串。"], "Examples": ["obclient> SELECT RAWTOHEX('AB')  FROM DUAL;\n+----------------+\n| RAWTOHEX('AB') |\n+----------------+\n| 4142           |\n+----------------+\n1 row in set\n"], "Category": ["Conversion Functions"]}
{"HTML": ["https://www.oceanbase.com/docs/enterprise-oceanbase-database-cn-1000000000823219"], "Title": ["ROWIDTOCHAR"], "Feature": ["ROWIDTOCHAR(rowid)\n"], "Description": ["该函数将 rowid 值转换为 VARCHAR2 数据类型的值。", "参数 rowid 是一个 ROWID 格式的值。", "返回 VARCHAR2 数据类型。"], "Examples": ["obclient> SELECT LENGTHB(ROWIDTOCHAR(ROWID)),ROWIDTOCHAR(ROWID)\n          FROM tbl1\n          WHERE ROWIDTOCHAR(ROWID) LIKE '%AAIKA%';\n+-----------------------------+--------------------+\n| LENGTHB(ROWIDTOCHAR(ROWID)) | ROWIDTOCHAR(ROWID) |\n+-----------------------------+--------------------+\n|                          17 | *AAIKAQAAAAAAAAA=  |\n|                          17 | *AAIKAgAAAAAAAAA=  |\n|                          17 | *AAIKAwAAAAAAAAA=  |\n+-----------------------------+--------------------+\n3 rows in set\n"], "Category": ["Conversion Functions"]}
{"HTML": ["https://www.oceanbase.com/docs/enterprise-oceanbase-database-cn-1000000000823222"], "Title": ["ROWIDTONCHAR"], "Feature": ["ROWIDTONCHAR(rowid)\n"], "Description": ["该函数将 rowid 值转换为 NVARCHAR2 数据类型的值。", "参数 rowid 是一个 ROWID 格式的值。", "返回 NVARCHAR2 数据类型。"], "Examples": ["obclient> SELECT LENGTHB(ROWIDTONCHAR(ROWID)),LENGTHB(ROWID),ROWIDTONCHAR(ROWID) FROM tbl1;\n+------------------------------+----------------+---------------------+\n| LENGTHB(ROWIDTONCHAR(ROWID)) | LENGTHB(ROWID) | ROWIDTONCHAR(ROWID) |\n+------------------------------+----------------+---------------------+\n|                           34 |             17 | *AAIKAQAAAAAAAAA=   |\n|                           34 |             17 | *AAIKAgAAAAAAAAA=   |\n|                           34 |             17 | *AAIKAwAAAAAAAAA=   |\n+------------------------------+----------------+---------------------+\n3 rows in set\n"], "Category": ["Conversion Functions"]}
{"HTML": ["https://www.oceanbase.com/docs/enterprise-oceanbase-database-cn-1000000000823224"], "Title": ["SCN_TO_TIMESTAMP"], "Feature": ["SCN_TO_TIMESTAMP(number)\n"], "Description": ["SCN_TO_TIMESTAMP() 函数将 SCN 作为参数，并返回与该 SCN 关联的时间戳。返回值是 TIMESTAMP 数据类型。"], "Examples": ["obclient> SELECT MAX_SCN, SCN_TO_TIMESTAMP(MAX_SCN) FROM gv$ob_log_stat;\n+---------------------+---------------------------------+\n| MAX_SCN             | SCN_TO_TIMESTAMP(MAX_SCN)       |\n+---------------------+---------------------------------+\n| 1676966094432030402 | 21-FEB-23 03.54.54.432030402 PM |\n| 1676966094299077583 | 21-FEB-23 03.54.54.299077583 PM |\n+---------------------+---------------------------------+\n2 rows in set\n"], "Category": ["Conversion Functions"]}
{"HTML": ["https://www.oceanbase.com/docs/enterprise-oceanbase-database-cn-1000000000823229"], "Title": ["CAST"], "Feature": ["CAST ({ expr | MULTISET (subquery) }  AS type_name )\n"], "Description": ["该函数用于将一种内置数据类型转换为另一种内置数据类型。", "\n\n\n参数\n说明\n\n\n\n\nexpr\n列名或者表达式。\n\n\nMULTISET\n如果 subquery 的结果集可以为多行，则必须指定 MULTISET 关键字。CAST(MULTISET (subquery) ) AS 的结果是集合类型，子查询产生的行被转换为对应的集合元素。如果没有 MULTISET 关键字，子查询将被视为标量子查询。\n\n\nAS\n用于分隔两个参数，在 AS 之前的是要处理的数据，在 AS 之后是要转换的数据类型。\n\n\ntype_name\nOceanBase 数据库的内建数据类型名称。\n\n\n", "返回与 type_name 相同的类型。", "下表显示了哪些数据类型可以转换为其他内置数据类型：", "\n\n\n\nfrom BINARY_FLOAT, BINARY_DOUBLE\nfrom CHAR, VARCHAR2\nfrom NUMBER\nfrom DATETIME/INTERVAL\nfrom RAW\nfrom NCHAR, NVARCHAR2\n\n\n\n\nto BINARY_FLOAT, BINARY_DOUBLE\nyes\nyes\nyes\nno\nno\nyes\n\n\nto CHAR, VARCHAR2\nyes\nyes\nyes\nyes\nyes\nno\n\n\nto NUMBER\nyes\nyes\nyes\nno\nno\nyes\n\n\nto DATETIME, INTERVAL\nno\nyes\nno\nyes\nno\nno\n\n\nto RAW\nyes\nyes\nyes\nno\nyes\nno\n\n\nto NCHAR, NVARCHAR2\nyes\nno\nyes\nyes\nyes\nyes\n\n\n", "\n说明\nto DATETIME/INTERVAL 数据类型包括 DATE、TIMESTAMP、TIMESTAMP WITH TIMEZONE、INTERVAL DAY TO SECOND 和 INTERVAL YEAR TO MONTH。\n"], "Examples": ["obclient> SELECT CAST('123' AS INT),CAST(1 AS VARCHAR2(10)),CAST('22-OCT-2021' AS TIMESTAMP WITH LOCAL TIME ZONE)\n    AS RESULT FROM DUAL;\n+------------------+-----------------------+------------------------------+\n| CAST('123'ASINT) | CAST(1ASVARCHAR2(10)) | RESULT                       |\n+------------------+-----------------------+------------------------------+\n|              123 | 1                     | 22-OCT-21 12.00.00.000000 AM |\n+------------------+-----------------------+------------------------------+\n1 row in set\n", "obclient> CREATE OR REPLACE TYPE tbl_int AS TABLE OF INT;\nQuery OK, 0 rows affected\nobclient> CREATE TABLE t1(c1 INT, c2 INT);\nQuery OK, 0 rows affected\nobclient> CREATE TABLE t2(c1 INT, c2 INT);\nQuery OK, 0 rows affected\nobclient> INSERT INTO t1 VALUES (1,1);\nQuery OK, 1 row affected\nobclient> INSERT INTO t2 VALUES (1,2);\nQuery OK, 1 row affected\nobclient> INSERT INTO t2 VALUES (1,3);\nQuery OK, 1 row affected\nobclient> SELECT * FROM t1,TABLE(CAST(MULTISET(SELECT t2.c2 FROM t2 WHERE t1.c1=t2.c1) AS tbl_int));\n+------+------+--------------+\n| C1   | C2   | COLUMN_VALUE |\n+------+------+--------------+\n|    1 |    1 |            2 |\n|    1 |    1 |            3 |\n+------+------+--------------+\n"], "Category": ["Conversion Functions"]}
{"HTML": ["https://www.oceanbase.com/docs/enterprise-oceanbase-database-cn-1000000000823227"], "Title": ["TIMESTAMP_TO_SCN"], "Feature": ["TIMESTAMP_TO_SCN(timestamp)\n"], "Description": ["TIMESTAMP_TO_SCN() 函数将时间戳类型的参数作为输入并返回对应的 SCN（System Change Number）。该函数的输入参数类型为 TIMESTAMP 类型，返回值的数据类型为 NUMBER。"], "Examples": ["obclient> SELECT TIMESTAMP_TO_SCN('2022-06-16 11:50:30.123451234') FROM DUAL;\n+--------------------------------------------------+\n| TIMESTAMP_TO_SCN('2022-06-1611:50:30.123451234') |\n+--------------------------------------------------+\n|                              1655351430123451234 |\n+--------------------------------------------------+\n1 row in set\n"], "Category": ["Conversion Functions"]}
{"HTML": ["https://www.oceanbase.com/docs/enterprise-oceanbase-database-cn-1000000000823216"], "Title": ["TO_BINARY_DOUBLE"], "Feature": ["TO_BINARY_DOUBLE(expr [, fmt [, 'nlsparam' ] ])\n"], "Description": ["该函数返回一个双精度浮点数。", "\n说明\n从字符串或 NUMBER 到 BINARY_DOUBLE 的转换可能不准确，因为 NUMBER 和字符类型使用十进制精度表示数值，而 BINARY_DOUBLE 使用二进制精度。从 BINARY_FLOAT 到 BINARY_DOUBLE 的转换是准确的。\n", "\n\n\n参数\n说明\n\n\n\n\nexpr\n字符串或 NUMBER、BINARY_FLOAT 或 BINARY_DOUBLE 类型的数值。\n\n\nfmt\n输出格式参数，为可选项。如果省略 fmt，则 n 被转换为 VARCHAR2 值。取值信息请参见 fmt 参数列表。\n\n\nnlsparam\n定义十进制字符、组分隔符、当地货币符号和国际货币符号，为可选项。\n\n\n", "\n说明\n当 expr 是字符串时，可选的 fmt 和 nlsparam 参数才有效。它们的作用与 TO_CHAR (number) 功能的作用相同。当 expr 为 BINARY_DOUBLE，则该函数返回 expr。\n", "返回 BINARY_DOUBLE 类型的数据。"], "Examples": ["obclient> SELECT TO_BINARY_DOUBLE('123.123') FROM DUAL;\n+-----------------------------+\n| TO_BINARY_DOUBLE('123.123') |\n+-----------------------------+\n|                1.23123E+002 |\n+-----------------------------+\n1 row in set\n"], "Category": ["Conversion Functions"]}
{"HTML": ["https://www.oceanbase.com/docs/enterprise-oceanbase-database-cn-1000000000823237"], "Title": ["TO_BINARY_FLOAT"], "Feature": ["TO_BINARY_FLOAT(expr [, fmt [, 'nlsparam' ] ])\n"], "Description": ["该函数返回一个单精度浮点数。", "\n说明\n从字符串或 NUMBER 到 BINARY_FLOAT 的转换可能不精确，因为 NUMBER 和字符类型使用十进制精度表示数值，而 BINARY_FLOAT 使用二进制精度。如果 BINARY_DOUBLE 值使用的精度比BINARY_FLOAT 支持的精度高，则从 BINARY_DOUBLE 到 BINARY_FLOAT 的转换是不精确的。\n", "\n\n\n参数\n说明\n\n\n\n\nexpr\n字符串或 NUMBER、BINARY_FLOAT 或 BINARY_DOUBLE 类型的数据。\n\n\nexpr\n输出格式参数，为可选项。如果省略 fmt，则 n 被转换为 VARCHAR2 值。取值信息请参见 fmt 参数列表。\n\n\nnlsparam\n定义十进制字符、组分隔符、当地货币符号和国际货币符号，为可选项。\n\n\n", "\n说明\n当 expr 是字符串时，可选的 fmt 和 nlsparam 参数才有效。它们的作用与 TO_CHAR (number) 功能的作用相同。当 expr 为 BINARY_FLOAT，则函数返回 expr。\n", "返回 BINARY_FLOAT 类型的数据。"], "Examples": ["obclient> SELECT TO_BINARY_FLOAT('123.123') FROM DUAL;\n+----------------------------+\n| TO_BINARY_FLOAT('123.123') |\n+----------------------------+\n|            1.23123001E+002 |\n+----------------------------+\n1 row in set\n"], "Category": ["Conversion Functions"]}
{"HTML": ["https://www.oceanbase.com/docs/enterprise-oceanbase-database-cn-1000000000823232"], "Title": ["CHARTOROWID"], "Feature": ["CHARTOROWID(char)\n"], "Description": ["该函数作用是将 CHAR、VARCHAR2、NCHAR 或 NVARCHAR2 类型的字符串转换为 ROWID 数据类型。", "参数 char 是符合 ROWID 格式的字符串，例如 \"*AAIKAQAAAAAAAAA=\"。", "返回 ROWID 数据类型。"], "Examples": ["obclient> SELECT CHARTOROWID('*AAIKAQAAAAAAAA/=') FROM DUAL;\n+----------------------------------+\n| CHARTOROWID('*AAIKAQAAAAAAAA/=') |\n+----------------------------------+\n| *AAIKAQAAAAAAAA8=                |\n+----------------------------------+\n1 row in set\n"], "Category": ["Conversion Functions"]}
{"HTML": ["https://www.oceanbase.com/docs/enterprise-oceanbase-database-cn-1000000000823242"], "Title": ["TO_BLOB"], "Feature": ["TO_BLOB( raw_value )\n"], "Description": ["该函数将 LONG RAW 值和 RAW 值转换为 BLOB 值。", "参数 raw_value 是 LONG RAW 或 RAW 类型的值。", "返回 BLOB 的类型。"], "Examples": ["obclient> SELECT COL_RAW,LENGTHB(COL_RAW) \"LENGTHB_RAW\",LENGTHB(TO_BLOB(COL_RAW)) \"LENGTHB_BLOB\"\n          FROM tbl_raw;\n+------------------+-------------+--------------+\n| COL_RAW          | LENGTHB_RAW | LENGTHB_BLOB |\n+------------------+-------------+--------------+\n| 0ABC             |           4 |            2 |\n| 0123456789ABCDEF |          16 |            8 |\n+------------------+-------------+--------------+\n2 rows in set\n"], "Category": ["Conversion Functions"]}
{"HTML": ["https://www.oceanbase.com/docs/enterprise-oceanbase-database-cn-1000000000823243"], "Title": ["TO_CHAR (character)"], "Feature": ["TO_CHAR(character)\n"], "Description": ["该函数将 NCHAR、NVARCHAR2 或 CLOB 类型的数据转换为 VARCHAR2 数据类型。", "\n说明\n当函数将字符 LOB 转换为数据库字符集时，如果要转换的 LOB 值大于目标类型，则数据库返回错误。\n", "参数 character 指定要转换为 VARCHAR2 数据类型表达式，数据类型可以是 NCHAR、NVARCHAR2 或 CLOB。", "返回 VARCHAR2 数据类型。"], "Examples": ["obclient> SELECT TO_CHAR('010101') FROM DUAL;\n+-------------------+\n| TO_CHAR('010101') |\n+-------------------+\n| 010101            |\n+-------------------+\n1 row in set\n"], "Category": ["Conversion Functions"]}
{"HTML": ["https://www.oceanbase.com/docs/enterprise-oceanbase-database-cn-1000000000823122"], "Title": ["TO_CHAR (datetime)"], "Feature": ["TO_CHAR({ datetime | interval } [, fmt [, 'nlsparam' ] ])\n"], "Description": ["该函数将日期时间或时间间隔值 DATE、TIMESTAMP、TIMESTAMP WITH TIME ZONE、TIMESTAMP WITH LOCAL TIME ZONE、INTERVAL DAY TO SECOND 和 INTERVAL YEAR TO MONTH 等数据类型的值按照参数 fmt 指定的格式转换为 VARCHAR2 数据类型的值。", "\n\n\n参数\n说明\n\n\n\n\ndatetime | interval\n指定转换的字符类型。 \n      \ndatetime 属于日期时间，DATE、TIMESTAMP、TIMESTAMP WITH TIME ZONE、TIMESTAMP WITH LOCAL TIME ZONE、INTERVAL DAY TO SECOND 和 INTERVAL YEAR TO MONTH 等数据类型的值。\ninterval 属于时间间隔值。\n\n\n\nfmt\n指定输出格式，为可选项。如果不指定参数 fmt，则参数 datetime 的值将按如下格式转换为 VARCHAR2 数据类型： \n      \nDATE、TIMESTAMP、TIMESTAMP WITH TIME ZONE 和 TIMESTAMP WITH LOCAL TIME ZONE 的值被转换为数据库中日期时间值的默认格式。您可在 日期时间和间隔数据类型 章节中查看各日期时间类型的默认格式。\nINTERVAL DAY TO SECOND 和 INTERVAL YEAR TO MONTH 数据类型的值转换为数字格式的间隔值。\n\n\n\nnlsparam\n用来控制返回的月份和日期所使用的语言。\n\n\n", "返回 VARCHAR2 数据类型。"], "Examples": ["obclient> SELECT TO_CHAR(SYSDATE,'yyyy/mm/dd'),TO_CHAR(SYSDATE,'DS DL') FROM DUAL;\n+-------------------------------+----------------------------------------+\n| TO_CHAR(SYSDATE,'YYYY/MM/DD') | TO_CHAR(SYSDATE,'DSDL')                |\n+-------------------------------+----------------------------------------+\n| 2021/11/18                    | 11/18/2021 Thursday, November 18, 2021 |\n+-------------------------------+----------------------------------------+\n1 row in set\n", "obclient> SELECT TO_CHAR(interval'1' year, 'SS-MI-HH', 'nls_language = AMERICAN') FROM DUAL;\n+-------------------------------------------------------------+\n| TO_CHAR(INTERVAL'1'YEAR,'SS-MI-HH','NLS_LANGUAGE=AMERICAN') |\n+-------------------------------------------------------------+\n| +01-00                                                      |\n+-------------------------------------------------------------+\n1 row in set\n"], "Category": ["Datetime Functions", "Conversion Functions"]}
{"HTML": ["https://www.oceanbase.com/docs/enterprise-oceanbase-database-cn-1000000000823228"], "Title": ["TO_CHAR (number)"], "Feature": ["TO_CHAR(n [, fmt [, 'nlsparam' ] ])\n"], "Description": ["该函数将 NUMBER、BINARY_FLOAT 或 BINARY_DOUBLE 类型的数值按照指定数值格式转换为 varchar2 数据类型的值。", "\n\n\n参数\n说明\n\n\n\n\nn\n属于 NUMBER、BINARY_FLOAT 或 BINARY_DOUBLE 数据类型的数值。 说明 如果 n 为负值，则负号显示在输出值最左侧，例如 TO_CHAR(-1,'$9') 返回 -$1，而不是 $-1。\n\n\nfmt\n输出格式参数，为可选项。如果省略 fmt，则 n 被转换为 VARCHAR2 值。取值信息请参见 fmt 参数列表。\n\n\nnlsparam\n定义十进制字符、组分隔符、当地货币符号和国际货币符号，为可选项。\n\n\n", "fmt 参数列表", "\n\n\nfmt 参数取值\n说明\n\n\n\n\n9\n返回指定位数的值。\n\n\n0\n它返回前导 0。\n\n\n,（逗号）\n返回指定位置的逗号。您可以在数字格式模型中指定多个逗号。 限制条件 ：格式模型数值不能以逗号开头，且逗号不能出现在小数字符或句点的右边。\n\n\n.（小数点）\n返回一个小数，且小数点在指定位置。 限制条件 ：在数字格式模型中，您只能指定一个小数点。\n\n\n", "返回 VARCHAR2 数据类型。"], "Examples": ["obclient> SELECT TO_CHAR(123456789.123,'999,999,999') FROM DUAL;\n+--------------------------------------+\n| TO_CHAR(123456789.123,'999,999,999') |\n+--------------------------------------+\n|  123,456,789                         |\n+--------------------------------------+\n1 row in set\n"], "Category": ["Conversion Functions"]}
{"HTML": ["https://www.oceanbase.com/docs/enterprise-oceanbase-database-cn-1000000000823235"], "Title": ["TO_CLOB"], "Feature": ["TO_CLOB(lob_column | char)\n"], "Description": ["该函数将 LOB 列或其他字符串中的 NCLOB 值转换为 CLOB 值。", "\n\n\n参数\n说明\n\n\n\n\nlob_column\n属于 LOB 列或其他字符串中的 NCLOB 值。\n\n\nchar\n属于 CHAR、VARCHAR2、NCHAR、NVARCHAR2、CLOB 或 NCLOB 类型的值。\n\n\n", "返回 CLOB 类型。"], "Examples": ["obclient> DESC tbl_nclob;\n+----------+---------------+------+-----+---------+-------+\n| FIELD    | TYPE          | NULL | KEY | DEFAULT | EXTRA |\n+----------+---------------+------+-----+---------+-------+\n| COL1     | NUMBER(38)    | YES  | NULL | NULL    | NULL  |\n| COL_CHAR | VARCHAR2(100) | YES  | NULL | NULL    | NULL  |\n| COL_CLOB | CLOB          | YES  | NULL | NULL    | NULL  |\n+----------+---------------+------+-----+---------+-------+\n3 rows in set\n\nobclient> UPDATE tbl_nclob SET col_clob = TO_CLOB (col_char);\nQuery OK, 1 row affected\nRows matched: 1  Changed: 1  Warnings: 0\n"], "Category": ["Conversion Functions"]}
{"HTML": ["https://www.oceanbase.com/docs/enterprise-oceanbase-database-cn-1000000000823231"], "Title": ["TO_DATE"], "Feature": ["TO_DATE(char [, fmt [, 'nlsparam' ] ])\n"], "Description": ["该函数将 CHAR、VARCHAR、NCHAR 或 NVARCHAR2 数据类型的字符转换为日期数据类型的值。", "\n\n\n参数\n说明\n\n\n\n\nchar\nCHAR、VARCHAR、NCHAR 或 NVARCHAR2 数据类型的值。\n\n\nfmt\n指定 char 的时间格式，为可选项。如果省略 fmt，则 char 必须采用默认日期格式，默认日期格式由 nls_territory 初始化参数隐式指定或由 nls_date_format 参数显式指定。\n\n\nnlsparam\n指定要转换为日期的文本字符串的语言，为可选项。\n\n\n", "返回 DATE 类型。"], "Examples": ["obclient> SELECT TO_DATE('202111','YYYYMM'),\n    TO_DATE('2021.11.11','YYYY.MM.DD'),\n    TO_DATE('2021-11-11 11:11:11','YYYY-MM-DD HH24:MI:SS')\n    FROM DUAL;\n+----------------------------+------------------------------------+------------------------------------------------------+\n| TO_DATE('202111','YYYYMM') | TO_DATE('2021.11.11','YYYY.MM.DD') | TO_DATE('2021-11-1111:11:11','YYYY-MM-DDHH24:MI:SS') |\n+----------------------------+------------------------------------+------------------------------------------------------+\n| 01-NOV-21                  | 11-NOV-21                          | 11-NOV-21                                            |\n+----------------------------+------------------------------------+------------------------------------------------------+\n1 row in set\n"], "Category": ["Conversion Functions"]}
{"HTML": ["https://www.oceanbase.com/docs/enterprise-oceanbase-database-cn-1000000000823134"], "Title": ["TO_DSINTERVAL"], "Feature": ["/*SQL 日期格式*/\nTO_DSINTERVAL ('[+ | -] days hours:minutes:seconds[.frac_secs]')\n\n/*ISO 日期格式*/\nTO_DSINTERVAL ('[-] P[days D]\n[T[hours H][minutes M][seconds[.frac_secs]S]]')\n"], "Description": ["该函数将一个 CHAR、VARCHAR2、NCHAR 或 NVARCHAR2 数据类型的字符串转换为一个 INTERVAL DAY TO SECOND 数据类型的值，可以用来对一个日期时间值进行加减计算。", "\n\n\n参数\n说明\n\n\n\n\n[+ | -]days hours：minutes：seconds[.frac_secs]\n符合该参数格式的 CHAR、VARCHAR2、NCHAR 或 NVARCHAR2 数据类型的字符串。 \n      \ndays 表示天，取整数值，范围为 [0,999999999]。\nhours 表示小时，取整数值，范围为 [0,23]。\nminutes 表示分钟，取整数值，范围为 [0,59]。\nseconds 表示秒，取整数值，范围为 [0,59]。\n\n\n\n[-] P[days D] [T[hours H][minutes M][seconds[.frac_secs]S]\n符合该参数格式的 CHAR、VARCHAR2、NCHAR 或 NVARCHAR2 数据类型的字符串。 注意 值中不允许有空格。\n\n\nfrac_secs\n表示秒的小数部分，取整数值，范围为 [0,999999999]。\n\n\n", "返回 INTERVAL DAY TO SECOND 数据类型。"], "Examples": ["obclient> SELECT TO_CHAR(TIMESTAMP '2021-11-11 00:00:00'+TO_DSINTERVAL('100 00:00:00'),\n     'YYYY-MM-DD HH24:MI:SS') \"Time Stamp\" FROM DUAL;\n+---------------------+\n| Time Stamp          |\n+---------------------+\n| 2022-02-19 00:00:00 |\n+---------------------+\n1 row in set\n", "obclient> SELECT TO_CHAR(TIMESTAMP '2021-11-11 00:00:00'+TO_DSINTERVAL('P100DT5H'),\n    'YYYY-MM-DD HH24:MI:SS') \"Time Stamp\" FROM DUAL;\n+---------------------+\n| Time Stamp          |\n+---------------------+\n| 2022-02-19 05:00:00 |\n+---------------------+\n1 row in set\n"], "Category": ["Datetime Functions", "Conversion Functions"]}
{"HTML": ["https://www.oceanbase.com/docs/enterprise-oceanbase-database-cn-1000000000823234"], "Title": ["TO_MULTI_BYTE"], "Feature": ["TO_MULTI_BYTE(char)\n"], "Description": ["该函数用于将所有单字节字符转换为相应的多字节字符。仅当您的数据库字符集同时包含单字节和多字节字符时，此函数才有效。", "char 可以是数据类型 CHAR、VARCHAR2、NCHAR 或 NVARCHAR2。如果 char 中任何单字节字符没有多字节等效项，则在输出字符串中显示为单字节字符。", "返回值与 char 的数据类型相同。"], "Examples": ["obclient> SELECT dump(TO_MULTI_BYTE( 'B')) FROM DUAL;\n+---------------------------+\n| DUMP(TO_MULTI_BYTE('B'))  |\n+---------------------------+\n| Typ=22 Len=3: 239,188,162 |\n+---------------------------+\n1 row in set\n", "obclient> SELECT TO_MULTI_BYTE('中国A') text FROM DUAL;\n+-----------+\n| TEXT      |\n+-----------+\n| 中国Ａ    |\n+-----------+\n1 row in set\n"], "Category": ["Conversion Functions"]}
{"HTML": ["https://www.oceanbase.com/docs/enterprise-oceanbase-database-cn-1000000000823223"], "Title": ["TO_NCHAR (character)"], "Feature": ["TO_NCHAR(character)\n"], "Description": ["该函数将 CHAR、VARCHAR2、CLOB 或 NCLOB 类型的数据转换为国家字符集，返回 NVARCHAR2 数据类型。", "character 可以是 CHAR、VARCHAR2、CLOB 或 NCLOB 类型的数据。", "返回 NVARCHAR2 数据类型。"], "Examples": ["obclient> CREATE TABLE tbl1(col1 INT,col2 VARCHAR2(20));\nQuery OK, 0 rows affected\n\nobclient> INSERT INTO tbl1 VALUES(1,'OceanBase');\nQuery OK, 1 row affected\n\nobclient> SELECT TO_NCHAR(col2) FROM tbl1;\n+----------------+\n| TO_NCHAR(COL2) |\n+----------------+\n| OceanBase      |\n+----------------+\n1 row in set\n"], "Category": ["Conversion Functions"]}
{"HTML": ["https://www.oceanbase.com/docs/enterprise-oceanbase-database-cn-1000000000823238"], "Title": ["TO_NCHAR (datetime)"], "Feature": ["TO_NCHAR({ datetime | interval }[, fmt [, 'nlsparam' ] ])\n"], "Description": ["该函数将 DATE、TIMESTAMP、TIMESTAMP WITH TIME ZONE、TIMESTAMP WITH LOCAL TIME ZONE、INTERVAL YEAR TO MONTH 或 INTERVAL DAY TO SECOND 等数据类型的值从数据库字符集转换为国家字符集的数据类型。", "\n\n\n参数\n说明\n\n\n\n\ndatetime\nDATE、TIMESTAMP、TIMESTAMP WITH TIME ZONE、TIMESTAMP WITH LOCAL TIME ZONE、INTERVAL DAY TO SECOND 和 INTERVAL YEAR TO MONTH 等数据类型的值。\n\n\ninterval\nINTERVAL DAY TO SECOND 和 INTERVAL YEAR TO MONTH 数据类型的值。间隔单位如下： \n      \nYEAR 表示年。\nMONTH 表示月。\nDAY 表示天。\nHOUR 表示小时。\nMINUTE 表示分钟。\nSECOND 表示秒数。\n\n\n\nfmt\n指定输出格式，为可选项。如果不指定参数 fmt，则参数 datetime 的值将按如下格式转换为 VARCHAR2 数据类型： \n      \nDATE、TIMESTAMP、TIMESTAMP WITH TIME ZONE 和 TIMESTAMP WITH LOCAL TIME ZONE 的值被转换为数据库中日期时间值的默认格式。您可在 日期时间和间隔数据类型 章节中查看各日期时间类型的默认格式。\nINTERVAL DAY TO SECOND 和 INTERVAL YEAR TO MONTH 数据类型的值转换为数字格式的间隔值。\n\n\n\nnlsparam\n用来控制返回的月份和日份所使用的语言，为可选项。\n\n\n", "返回国家字符集的数据类型。"], "Examples": ["obclient> SELECT TO_NCHAR(SYSDATE,'yyyy/mm/dd'),TO_NCHAR(SYSDATE,'DSDL') FROM DUAL;\n+--------------------------------+----------------------------------------+\n| TO_NCHAR(SYSDATE,'YYYY/MM/DD') | TO_NCHAR(SYSDATE,'DSDL')               |\n+--------------------------------+----------------------------------------+\n| 2021/12/09                     | 12/09/2021 Thursday, December 09, 2021 |\n+--------------------------------+----------------------------------------+\n1 row in set\n", "obclient> SELECT TO_NCHAR(interval'90' MINUTE, 'SS-MI-HH', 'nls_language = AMERICAN') FROM DUAL;\n+-----------------------------------------------------------------+\n| TO_NCHAR(INTERVAL'90'MINUTE,'SS-MI-HH','NLS_LANGUAGE=AMERICAN') |\n+-----------------------------------------------------------------+\n| +00 01:30:00                                                    |\n+-----------------------------------------------------------------+\n1 row in set\n"], "Category": ["Conversion Functions"]}
{"HTML": ["https://www.oceanbase.com/docs/enterprise-oceanbase-database-cn-1000000000823246"], "Title": ["TO_NCHAR (number)"], "Feature": ["TO_NCHAR(n [, fmt [, 'nlsparam' ] ])\n"], "Description": ["该函数将 NUMBER、BINARY_FLOAT 或 BINARY_DOUBLE 类型的数值转换为国家字符集中的字符串。", "\n\n\n参数\n说明\n\n\n\n\nn\n属于 NUMBER、BINARY_FLOAT 或 BINARY_DOUBLE 数据类型的数值。\n\n\nfmt\n输出格式参数，为可选项。如果省略 fmt，则 n 被转换为 NVARCHAR2 值返回。 取值信息请参见 fmt 参数列表。\n\n\nnlsparam\n定义十进制字符、组分隔符、当地货币符号和国际货币符号，为可选项。\n\n\n", "fmt 参数列表", "\n\n\nfmt 参数取值\n说明\n\n\n\n\n9\n返回指定位数的值。\n\n\n0\n返回指定前导和尾随 0。\n\n\n,（逗号）\n返回指定位置的逗号。您可以在数字格式模型中指定多个逗号。 限制条件 ：格式模型数值不能以逗号开头，且逗号不能出现在小数字符或句点的右边。\n\n\n.（小数点）\n返回一个小数，且小数点在指定位置。 限制条件 ：在数字格式模型中，您只能指定一个小数点。\n\n\n", "返回 NVARCHAR2 数据类型。"], "Examples": ["obclient> SELECT TO_NCHAR(123456789.123,'999,999,999') FROM DUAL;\n+---------------------------------------+\n| TO_NCHAR(123456789.123,'999,999,999') |\n+---------------------------------------+\n|  123,456,789                          |\n+---------------------------------------+\n1 row in set\n"], "Category": ["Conversion Functions"]}
{"HTML": ["https://www.oceanbase.com/docs/enterprise-oceanbase-database-cn-1000000000823220"], "Title": ["TO_NUMBER"], "Feature": ["TO_NUMBER(expr [, fmt [, 'nlsparam' ] ])\n"], "Description": ["该函数功能是将 CHAR、VARCHAR2、NCHAR、NVARCHAR2、BINARY_FLOAT 或 BINARY_DOUBLE 类型的字符串转换为 NUMBER 数值数据类型的值。", "\n\n\n参数\n说明\n\n\n\n\nexpr\n属于 CHAR、VARCHAR2、NCHAR、NVARCHAR2、BINARY_FLOAT 或 BINARY_DOUBLE 数据类型的数值。\n\n\nfmt\nexpr 的格式模型，为可选项。 说明 expr 必须在 fmt 范围内。例如：TO_NUMBER('$123456.78','$999999999.999')。\n\n\nnlsparam\n用来控制返回数据的所使用的语言，为可选项。\n\n\n", "返回 NUMBER 类型的数据。"], "Examples": ["obclient> SELECT TO_NUMBER('0123456') FROM DUAL;\n+----------------------+\n| TO_NUMBER('0123456') |\n+----------------------+\n|               123456 |\n+----------------------+\n1 row in set\n", "obclient> SELECT TO_NUMBER('16f','xxx') FROM DUAL;\n+------------------------+\n| TO_NUMBER('16F','XXX') |\n+------------------------+\n|                    367 |\n+------------------------+\n1 row in set\n"], "Category": ["Conversion Functions"]}
{"HTML": ["https://www.oceanbase.com/docs/enterprise-oceanbase-database-cn-1000000000823233"], "Title": ["TO_SINGLE_BYTE"], "Feature": ["TO_SINGLE_BYTE(char)\n"], "Description": ["该函数用于将所有多字节字符转换为相应的单字节字符。仅当您的数据库字符集同时包含单字节和多字节字符时，此函数才有效。", "char 可以是数据类型 CHAR、VARCHAR2、NCHAR 或 NVARCHAR2。如果 char 中任何多字节字符没有单字节等效项，则在输出字符串中显示为多字节字符。", "返回值与 char 的数据类型相同。"], "Examples": ["obclient> SELECT TO_SINGLE_BYTE(CHR(15711394)) FROM DUAL;\n+-------------------------------+\n| TO_SINGLE_BYTE(CHR(15711394)) |\n+-------------------------------+\n| B                             |\n+-------------------------------+\n1 row in set\n", "obclient> SELECT TO_SINGLE_BYTE('中国Ａ') text FROM DUAL;\n+---------+\n| TEXT    |\n+---------+\n| 中国A   |\n+---------+\n1 row in set\n"], "Category": ["Conversion Functions"]}
{"HTML": ["https://www.oceanbase.com/docs/enterprise-oceanbase-database-cn-1000000000823141"], "Title": ["TO_TIMESTAMP"], "Feature": ["TO_TIMESTAMP (char，[fmt],['nlsparam'])\n"], "Description": ["该函数将字符串转换为 TIMESTAMP 数据类型。", "\n\n\n参数\n说明\n\n\n\n\nchar\n属于 CHAR、VARCHAR2、NCHAR 或 NVARCHAR2 数据类型的字符串。\n\n\nfmt\n指定 char 的格式，为可选项。如果省略 fmt，则 char 必须采用 TIMESTAMP 数据类型的默认格式。\n\n\nnlsparam\n通过指定 nlsparam 参数，可以在 TO_TIMESTAMP 函数中自定义日期、时间和数字的格式化和解析规则。 OceanBase 数据库当前支持的 nlsparam 为 nls_date_language，用来控制返回的月份和日份所使用的语言。 默认值为 AMERICA，不支持修改。\n\n\n", "返回 TIMESTAMP 数据类型。"], "Examples": ["obclient> SELECT TO_TIMESTAMP ('2021-11-11 11:11:11.11', 'YYYY-MM-DD HH24:MI:SS.FF')\n    FROM DUAL;\n+-----------------------------------------------------------------+\n| TO_TIMESTAMP('2021-11-1111:11:11.11','YYYY-MM-DDHH24:MI:SS.FF') |\n+-----------------------------------------------------------------+\n| 11-NOV-21 11.11.11.110000000 AM                                 |\n+-----------------------------------------------------------------+\n1 row in set\n"], "Category": ["Datetime Functions", "Conversion Functions"]}
{"HTML": ["https://www.oceanbase.com/docs/enterprise-oceanbase-database-cn-1000000000823138"], "Title": ["TO_TIMESTAMP_TZ"], "Feature": ["TO_TIMESTAMP_TZ (char，[fmt],['nlsparam'])\n"], "Description": ["该函数将字符串转换为 TIMESTAMP WITH TIME ZONE 数据类型，包含时区信息。", "\n\n\n参数\n说明\n\n\n\n\nchar\nCHAR、VARCHAR2、NCHAR 或 NVARCHAR2 数据类型的字符串。\n\n\nfmt\n指定 char 的格式，为可选项。如果省略 fmt，则 char 必须采用 TIMESTAMP WITH TIME ZONE 数据类型的默认格式。\n\n\nnlsparam\n用来控制返回的月份和日期所使用的语言，为可选项。\n\n\n", "返回 TIMESTAMP WITH TIME ZONE 数据类型。"], "Examples": ["obclient> SELECT TO_TIMESTAMP_TZ ('2021-11-11 11:11:11.11', 'YYYY-MM-DD HH24:MI:SS.FF')\n    FROM DUAL;\n+--------------------------------------------------------------------+\n| TO_TIMESTAMP_TZ('2021-11-1111:11:11.11','YYYY-MM-DDHH24:MI:SS.FF') |\n+--------------------------------------------------------------------+\n| 11-NOV-21 11.11.11.110000000 AM +08:00                             |\n+--------------------------------------------------------------------+\n1 row in set\n"], "Category": ["Datetime Functions", "Conversion Functions"]}
{"HTML": ["https://www.oceanbase.com/docs/enterprise-oceanbase-database-cn-1000000000823130"], "Title": ["TO_YMINTERVAL"], "Feature": ["/*SQL 日期格式*/\nTO_YMINTERVAL([+|-] years-months)\n\n/*ISO 日期格式*/\nTO_YMINTERVAL([-]P[ years Y][months M][days D][T[hours H][minutes M][seconds[.frac_secs]S]])\n"], "Description": ["该函数将一个 CHAR、VARCHAR2、NCHAR 或 NVARCHAR2 数据类型的字符串转换为一个 INTERVAL YEAR TO MONTH 数据类型的值，可以用来对一个日期时间值进行加减计算。", "\n\n\n参数\n说明\n\n\n\n\n[+|-] years-months\n符合该参数格式的 CHAR、VARCHAR2、NCHAR 或 NVARCHAR2 数据类型的字符串。 \n      \nyears 表示年，取整数值，范围为 [0,999999999]。\nmonths 表示月，取整数值，范围为 [0,11]。\n\n\n\n[-]P[ years Y][months M][days D][T[hours H][minutes M][seconds[.frac_secs]S]]\n符合该参数格式的 CHAR、VARCHAR2、NCHAR 或 NVARCHAR2 数据类型的字符串。 frac_secs 表示秒的小数部分，取整数值，范围是[0,999999999]。 注意 值中不允许有空格。\n\n\n", "返回 INTERVAL YEAR TO MONTH 数据类型。"], "Examples": ["obclient> SELECT SYSDATE,SYSDATE+TO_YMINTERVAL('01-02') FROM DUAL;\n+-----------+--------------------------------+\n| SYSDATE   | SYSDATE+TO_YMINTERVAL('01-02') |\n+-----------+--------------------------------+\n| 18-NOV-21 | 18-JAN-23                      |\n+-----------+--------------------------------+\n1 row in set\n"], "Category": ["Datetime Functions", "Conversion Functions"]}
{"HTML": ["https://www.oceanbase.com/docs/enterprise-oceanbase-database-cn-1000000000823241"], "Title": ["UNISTR"], "Feature": ["UNISTR(string)\n"], "Description": ["该函数将文本字面量和 Unicode 编码转换为国家字符集中的字符串。", "Unicode 编码值的格式为 \\xxxx，其中 xxxx 是 UCS-2 编码格式的字符的十六进制值（UTF-16 代码单元）。要在字符串本身中包含反斜杠，需在其前面加上另一个反斜杠（\\\\）。", "参数 string 是任何字符集的字符串。", "返回一个字符串值。"], "Examples": ["obclient> SELECT UNISTR('A B C \\FF20 \\00C4 \\00CA \\00CD \\00D5 \\00D8') FROM DUAL;\n+---------------------------------------------+\n| UNISTR('ABC\\FF20\\00C4\\00CA\\00CD\\00D5\\00D8') |\n+---------------------------------------------+\n| A B C ＠ Ä Ê Í Õ Ø                          |\n+---------------------------------------------+\n1 row in set\n"], "Category": ["Conversion Functions"]}
{"HTML": ["https://www.oceanbase.com/docs/enterprise-oceanbase-database-cn-1000000000823239"], "Title": ["CONVERT"], "Feature": ["CONVERT(char, dest_char_set[, source_char_set])\n"], "Description": ["该函数用于将字符串从一种字符集转换为另一种字符集。", "\n\n\n参数\n说明\n\n\n\n\nchar\n要转换的字符串。可以是任何数据类型，例如 CHAR、VARCHAR2、NCHAR、NVARCHAR2 或 CLOB。\n\n\ndest_char_set\n字符串要转换到的字符集名称。\n\n\nsource_char_set\n字符串存储在数据库中的字符集名称。如果不指定，默认值为数据库字符集。\n\n\n", "如果 char 的数据类型为 CHAR 或 VARCHAR2，则返回 VARCHAR2 类型。", "如果 char 的数据类型为 NCHAR 或 NVARCHAR2，则返回 NVARCHAR2 类型。", "如果 char 的数据类型为 CLOB，则返回 CLOB 类型。"], "Examples": ["obclient> SELECT CONVERT('Ä Ê Í a b c d', 'ZHS16GBK') FROM DUAL;\n+----------------------------------+\n| CONVERT('ÄÊÍABCD','ZHS16GBK')    |\n+----------------------------------+\n| ? ? ? a b c d                    |\n+----------------------------------+\n1 row in set\n"], "Category": ["Conversion Functions"]}
{"HTML": ["https://www.oceanbase.com/docs/enterprise-oceanbase-database-cn-1000000000823221"], "Title": ["HEXTORAW"], "Feature": ["HEXTORAW (char)\n"], "Description": ["该函数将十六进制字符串转换为 RAW。", "参数 char 是十六进制的字符串。字符串类型可以为 CHAR、VARCHAR2、NCHAR 或 NVARCHAR2。", "\n注意\n当 char 中出现比 F 大的字母时（以 A 为最小，Z 为最大）就会报错。\n", "返回 RAW 类型的数据。"], "Examples": ["obclient> SELECT HEXTORAW('AAA') FROM DUAL;\n+-----------------+\n| HEXTORAW('AAA') |\n+-----------------+\n| 0AAA            |\n+-----------------+\n1 row in set\n"], "Category": ["Conversion Functions"]}
{"HTML": ["https://www.oceanbase.com/docs/enterprise-oceanbase-database-cn-1000000000823226"], "Title": ["ASCIISTR"], "Feature": ["ASCIISTR(char)\n"], "Description": ["该函数作用是使用数据库字符集将任何字符集中的字符串转换为 ASCII 字符串。", "非 ASCII 字符转换为 \\xxxx 格式，其中 xxxx 表示 UTF-16 代码单元。", "参数 char 是任何字符集中的字符串。", "返回一个字符串值。"], "Examples": ["obclient> SELECT ASCIISTR('A B C ＠ Ä Ê Í Õ Ø') FROM DUAL;\n+-------------------------------------------+\n| ASCIISTR('ABC＠ÄÊÍÕØ')                    |\n+-------------------------------------------+\n| A B C \\FF20 \\00C4 \\00CA \\00CD \\00D5 \\00D8 |\n+-------------------------------------------+\n1 row in set\n"], "Category": ["Conversion Functions"]}
{"HTML": ["https://www.oceanbase.com/docs/enterprise-oceanbase-database-cn-1000000000823125"], "Title": ["NUMTODSINTERVAL"], "Feature": ["NUMTODSINTERVAL (n,interval_unit)\n"], "Description": ["该函数是把参数 n 转为以参数 interval_unit 为单位的 INTERVAL DAY TO SECOND 数据类型的值。", "\n\n\n参数\n说明\n\n\n\n\nn\nNUMBER 数据类型或可以转换为 NUMBER 数据类型的表达式。\n\n\ninterval_unit\n单位值。取值为 DAY（天）、HOUR（小时）、MINUTE（分钟）、SECOND（秒），不区分大小写。\n\n\n", "返回 INTERVAL DAY TO SECOND 数据类型。"], "Examples": ["obclient> SELECT SYSDATE,SYSDATE+NUMTODSINTERVAL(3,'DAY') AS \"DAY\" FROM DUAL;\n+-----------+-----------+\n| SYSDATE   | DAY       |\n+-----------+-----------+\n| 18-NOV-21 | 21-NOV-21 |\n+-----------+-----------+\n1 row in set\n"], "Category": ["Datetime Functions", "Conversion Functions"]}
{"HTML": ["https://www.oceanbase.com/docs/enterprise-oceanbase-database-cn-1000000000823140"], "Title": ["NUMTOYMINTERVAL"], "Feature": ["NUMTOYMINTERVAL (n,interval_unit)\n"], "Description": ["该函数是把参数 n 转为以 interval_unit 为单位的 INTERVAL YEAR TO MONTH 数据类型的值。", "\n\n\n参数\n说明\n\n\n\n\nn\nNUMBER 数据类型或可以转换为 NUMBER 数据类型的表达式。\n\n\ninterval_unit\n单位值。取值为 YEAR（年）或 MONTH（月），不区分大小写。\n\n\n", "返回 INTERVAL YEAR TO MONTH 数据类型。"], "Examples": ["obclient> SELECT SYSDATE,SYSDATE+NUMTOYMINTERVAL(3,'YEAR') AS RES FROM DUAL;\n+-----------+-----------+\n| SYSDATE   | RES       |\n+-----------+-----------+\n| 18-NOV-21 | 18-NOV-24 |\n+-----------+-----------+\n1 row in set\n"], "Category": ["Datetime Functions", "Conversion Functions"]}
