{"HTML": ["https://www.oceanbase.com/docs/enterprise-oceanbase-database-cn-1000000000823135"], "Title": ["ROUND (date)"], "Feature": ["ROUND(date,[fmt])\n"], "Description": ["该函数以参数 fmt 为单位距离返回离指定日期 date 最近的日期时间值，根据公历的规则运算。", "\n\n\n参数\n说明\n\n\n\n\ndate\n所有包含日期的数据类型的值，包括 DATE、TIMESTAMP、TIMESTAMP WITH TIME ZONE、TIMESTAMP WITH LOCAL TIME ZONE。\n\n\nfmt\n指定了函数返回值与 date 的距离单位，为可选项。如果省略 fmt，则 date 四舍五入到最近的一天。\n\n\n", "以下表格列举了 fmt 参数的可取值（大小写不敏感）。", "\n\n\nfmt 取值\n说明\n\n\n\n\nj\n默认值，最近 0 点日期。\n\n\nday、dy、d\n返回离指定日期最近的星期日。\n\n\nmonth、mon、mm、rm\n返回离指定日期最近的月的第一天日期。\n\n\nq\n返回离指定日期最近的季的日期。\n\n\nsyear、year、yyyy、yyy、yy、y\n多个 y 表示不同的精度，返回离指定日期最近的年的第一个日期。\n\n\ncc、scc\n返回离指定日期最近的世纪的初日期。\n\n\n", "返回 DATE 数据类型。"], "Examples": ["obclient> SELECT SYSDATE 当时日期,\n    ROUND(SYSDATE) 最近0点日期,\n    ROUND(SYSDATE,'DAY') 最近星期日,\n    ROUND(SYSDATE,'MONTH') 最近月初,\n    ROUND(SYSDATE,'Q') 最近季初日期,\n    ROUND(SYSDATE,'YEAR') 最近年初日期\n    FROM DUAL;\n+--------------+------------------+-----------------+--------------+--------------------+--------------------+\n| 当时日期     | 最近0点日期      | 最近星期日      | 最近月初     | 最近季初日期       | 最近年初日期       |\n+--------------+------------------+-----------------+--------------+--------------------+--------------------+\n| 18-NOV-21    | 18-NOV-21        | 21-NOV-21       | 01-DEC-21    | 01-JAN-22          | 01-JAN-22          |\n+--------------+------------------+-----------------+--------------+--------------------+--------------------+\n1 row in set\n"], "Category": ["Datetime Functions"]}
{"HTML": ["https://www.oceanbase.com/docs/enterprise-oceanbase-database-cn-1000000000823137"], "Title": ["SESSIONTIMEZONE"], "Feature": ["SESSIONTIMEZONE\n"], "Description": ["该函数返回当前会话时区。", "返回 VARCHAR2 数据类型。"], "Examples": ["obclient> SELECT DBTIMEZONE,SESSIONTIMEZONE FROM DUAL;\n+------------+-----------------+\n| DBTIMEZONE | SESSIONTIMEZONE |\n+------------+-----------------+\n| +00:00     | +08:00          |\n+------------+-----------------+\n1 row in set\n"], "Category": ["Datetime Functions"]}
{"HTML": ["https://www.oceanbase.com/docs/enterprise-oceanbase-database-cn-1000000000823131"], "Title": ["SYSDATE"], "Feature": ["SYSDATE\n"], "Description": ["该函数返回当前数据库服务器所在的操作系统的日期。", "\n注意\n该函数不依赖于当前会话时区，而是依赖于当前数据库服务器所在操作系统的时区。\n", "返回 DATE 数据类型。"], "Examples": ["obclient> SELECT SYSDATE,TO_CHAR (SYSDATE, 'MM-DD-YYYY HH24:MI:SS') \"NOW\" FROM DUAL;\n+-----------+---------------------+\n| SYSDATE   | NOW                 |\n+-----------+---------------------+\n| 18-NOV-21 | 11-18-2021 10:23:00 |\n+-----------+---------------------+\n1 row in set\n"], "Category": ["Datetime Functions"]}
{"HTML": ["https://www.oceanbase.com/docs/enterprise-oceanbase-database-cn-1000000000823118"], "Title": ["SYSTIMESTAMP"], "Feature": ["SYSTIMESTAMP\n"], "Description": ["该函数返回系统当前日期和时间，返回值的秒的小数位包含 6 位精度，且包含当前时区信息。", "\n注意\n该函数不依赖于当前会话时区，而是依赖于当前数据库服务器所在操作系统的时区。\n", "返回 TIMESTAMP WITH TIME ZONE 数据类型。"], "Examples": ["obclient> SELECT SYSTIMESTAMP FROM DUAL;\n+-------------------------------------+\n| SYSTIMESTAMP                        |\n+-------------------------------------+\n| 18-NOV-21 10.32.27.176575 AM +08:00 |\n+-------------------------------------+\n1 row in set\n"], "Category": ["Datetime Functions"]}
{"HTML": ["https://www.oceanbase.com/docs/enterprise-oceanbase-database-cn-1000000000823127"], "Title": ["SYS_EXTRACT_UTC"], "Feature": ["SYS_EXTRACT_UTC (datetime_with_timezone)\n"], "Description": ["该函数是从具有时区偏移的日期时间值中返回与指定时间相对应的标准 UTC 时间。如果未指定时区，则指定日期时间与当前会话时区相关联。", "\n说明\nUTC（Universal Time Coordinated）是通用协调时间。UTC 与格林尼治标准时间（GMT, Greenwich Mean Time）一样，都与英国伦敦的本地时相同。\n", "datetime_with_timezone 是 TIMESTAMP WITH TIME ZONE 或 TIMESTAMP WITH LOCAL TIME ZONE 数据类型的值。", "返回 TIMESTAMP 数据类型。"], "Examples": ["obclient> SELECT SYS_EXTRACT_UTC(TIMESTAMP '2021-11-18 10:08:08.18 +08:00') \"SYS_EXTRACT_UTC\" FROM DUAL;\n+---------------------------------+\n| SYS_EXTRACT_UTC                 |\n+---------------------------------+\n| 18-NOV-21 02.08.08.180000000 AM |\n+---------------------------------+\n1 row in set\n"], "Category": ["Datetime Functions"]}
{"HTML": ["https://www.oceanbase.com/docs/enterprise-oceanbase-database-cn-1000000000823122"], "Title": ["TO_CHAR (datetime)"], "Feature": ["TO_CHAR({ datetime | interval } [, fmt [, 'nlsparam' ] ])\n"], "Description": ["该函数将日期时间或时间间隔值 DATE、TIMESTAMP、TIMESTAMP WITH TIME ZONE、TIMESTAMP WITH LOCAL TIME ZONE、INTERVAL DAY TO SECOND 和 INTERVAL YEAR TO MONTH 等数据类型的值按照参数 fmt 指定的格式转换为 VARCHAR2 数据类型的值。", "\n\n\n参数\n说明\n\n\n\n\ndatetime | interval\n指定转换的字符类型。 \n      \ndatetime 属于日期时间，DATE、TIMESTAMP、TIMESTAMP WITH TIME ZONE、TIMESTAMP WITH LOCAL TIME ZONE、INTERVAL DAY TO SECOND 和 INTERVAL YEAR TO MONTH 等数据类型的值。\ninterval 属于时间间隔值。\n\n\n\nfmt\n指定输出格式，为可选项。如果不指定参数 fmt，则参数 datetime 的值将按如下格式转换为 VARCHAR2 数据类型： \n      \nDATE、TIMESTAMP、TIMESTAMP WITH TIME ZONE 和 TIMESTAMP WITH LOCAL TIME ZONE 的值被转换为数据库中日期时间值的默认格式。您可在 日期时间和间隔数据类型 章节中查看各日期时间类型的默认格式。\nINTERVAL DAY TO SECOND 和 INTERVAL YEAR TO MONTH 数据类型的值转换为数字格式的间隔值。\n\n\n\nnlsparam\n用来控制返回的月份和日期所使用的语言。\n\n\n", "返回 VARCHAR2 数据类型。"], "Examples": ["obclient> SELECT TO_CHAR(SYSDATE,'yyyy/mm/dd'),TO_CHAR(SYSDATE,'DS DL') FROM DUAL;\n+-------------------------------+----------------------------------------+\n| TO_CHAR(SYSDATE,'YYYY/MM/DD') | TO_CHAR(SYSDATE,'DSDL')                |\n+-------------------------------+----------------------------------------+\n| 2021/11/18                    | 11/18/2021 Thursday, November 18, 2021 |\n+-------------------------------+----------------------------------------+\n1 row in set\n", "obclient> SELECT TO_CHAR(interval'1' year, 'SS-MI-HH', 'nls_language = AMERICAN') FROM DUAL;\n+-------------------------------------------------------------+\n| TO_CHAR(INTERVAL'1'YEAR,'SS-MI-HH','NLS_LANGUAGE=AMERICAN') |\n+-------------------------------------------------------------+\n| +01-00                                                      |\n+-------------------------------------------------------------+\n1 row in set\n"], "Category": ["Datetime Functions", "Conversion Functions"]}
{"HTML": ["https://www.oceanbase.com/docs/enterprise-oceanbase-database-cn-1000000000823134"], "Title": ["TO_DSINTERVAL"], "Feature": ["/*SQL 日期格式*/\nTO_DSINTERVAL ('[+ | -] days hours:minutes:seconds[.frac_secs]')\n\n/*ISO 日期格式*/\nTO_DSINTERVAL ('[-] P[days D]\n[T[hours H][minutes M][seconds[.frac_secs]S]]')\n"], "Description": ["该函数将一个 CHAR、VARCHAR2、NCHAR 或 NVARCHAR2 数据类型的字符串转换为一个 INTERVAL DAY TO SECOND 数据类型的值，可以用来对一个日期时间值进行加减计算。", "\n\n\n参数\n说明\n\n\n\n\n[+ | -]days hours：minutes：seconds[.frac_secs]\n符合该参数格式的 CHAR、VARCHAR2、NCHAR 或 NVARCHAR2 数据类型的字符串。 \n      \ndays 表示天，取整数值，范围为 [0,999999999]。\nhours 表示小时，取整数值，范围为 [0,23]。\nminutes 表示分钟，取整数值，范围为 [0,59]。\nseconds 表示秒，取整数值，范围为 [0,59]。\n\n\n\n[-] P[days D] [T[hours H][minutes M][seconds[.frac_secs]S]\n符合该参数格式的 CHAR、VARCHAR2、NCHAR 或 NVARCHAR2 数据类型的字符串。 注意 值中不允许有空格。\n\n\nfrac_secs\n表示秒的小数部分，取整数值，范围为 [0,999999999]。\n\n\n", "返回 INTERVAL DAY TO SECOND 数据类型。"], "Examples": ["obclient> SELECT TO_CHAR(TIMESTAMP '2021-11-11 00:00:00'+TO_DSINTERVAL('100 00:00:00'),\n     'YYYY-MM-DD HH24:MI:SS') \"Time Stamp\" FROM DUAL;\n+---------------------+\n| Time Stamp          |\n+---------------------+\n| 2022-02-19 00:00:00 |\n+---------------------+\n1 row in set\n", "obclient> SELECT TO_CHAR(TIMESTAMP '2021-11-11 00:00:00'+TO_DSINTERVAL('P100DT5H'),\n    'YYYY-MM-DD HH24:MI:SS') \"Time Stamp\" FROM DUAL;\n+---------------------+\n| Time Stamp          |\n+---------------------+\n| 2022-02-19 05:00:00 |\n+---------------------+\n1 row in set\n"], "Category": ["Datetime Functions", "Conversion Functions"]}
{"HTML": ["https://www.oceanbase.com/docs/enterprise-oceanbase-database-cn-1000000000823141"], "Title": ["TO_TIMESTAMP"], "Feature": ["TO_TIMESTAMP (char，[fmt],['nlsparam'])\n"], "Description": ["该函数将字符串转换为 TIMESTAMP 数据类型。", "\n\n\n参数\n说明\n\n\n\n\nchar\n属于 CHAR、VARCHAR2、NCHAR 或 NVARCHAR2 数据类型的字符串。\n\n\nfmt\n指定 char 的格式，为可选项。如果省略 fmt，则 char 必须采用 TIMESTAMP 数据类型的默认格式。\n\n\nnlsparam\n通过指定 nlsparam 参数，可以在 TO_TIMESTAMP 函数中自定义日期、时间和数字的格式化和解析规则。 OceanBase 数据库当前支持的 nlsparam 为 nls_date_language，用来控制返回的月份和日份所使用的语言。 默认值为 AMERICA，不支持修改。\n\n\n", "返回 TIMESTAMP 数据类型。"], "Examples": ["obclient> SELECT TO_TIMESTAMP ('2021-11-11 11:11:11.11', 'YYYY-MM-DD HH24:MI:SS.FF')\n    FROM DUAL;\n+-----------------------------------------------------------------+\n| TO_TIMESTAMP('2021-11-1111:11:11.11','YYYY-MM-DDHH24:MI:SS.FF') |\n+-----------------------------------------------------------------+\n| 11-NOV-21 11.11.11.110000000 AM                                 |\n+-----------------------------------------------------------------+\n1 row in set\n"], "Category": ["Datetime Functions", "Conversion Functions"]}
{"HTML": ["https://www.oceanbase.com/docs/enterprise-oceanbase-database-cn-1000000000823138"], "Title": ["TO_TIMESTAMP_TZ"], "Feature": ["TO_TIMESTAMP_TZ (char，[fmt],['nlsparam'])\n"], "Description": ["该函数将字符串转换为 TIMESTAMP WITH TIME ZONE 数据类型，包含时区信息。", "\n\n\n参数\n说明\n\n\n\n\nchar\nCHAR、VARCHAR2、NCHAR 或 NVARCHAR2 数据类型的字符串。\n\n\nfmt\n指定 char 的格式，为可选项。如果省略 fmt，则 char 必须采用 TIMESTAMP WITH TIME ZONE 数据类型的默认格式。\n\n\nnlsparam\n用来控制返回的月份和日期所使用的语言，为可选项。\n\n\n", "返回 TIMESTAMP WITH TIME ZONE 数据类型。"], "Examples": ["obclient> SELECT TO_TIMESTAMP_TZ ('2021-11-11 11:11:11.11', 'YYYY-MM-DD HH24:MI:SS.FF')\n    FROM DUAL;\n+--------------------------------------------------------------------+\n| TO_TIMESTAMP_TZ('2021-11-1111:11:11.11','YYYY-MM-DDHH24:MI:SS.FF') |\n+--------------------------------------------------------------------+\n| 11-NOV-21 11.11.11.110000000 AM +08:00                             |\n+--------------------------------------------------------------------+\n1 row in set\n"], "Category": ["Datetime Functions", "Conversion Functions"]}
{"HTML": ["https://www.oceanbase.com/docs/enterprise-oceanbase-database-cn-1000000000823130"], "Title": ["TO_YMINTERVAL"], "Feature": ["/*SQL 日期格式*/\nTO_YMINTERVAL([+|-] years-months)\n\n/*ISO 日期格式*/\nTO_YMINTERVAL([-]P[ years Y][months M][days D][T[hours H][minutes M][seconds[.frac_secs]S]])\n"], "Description": ["该函数将一个 CHAR、VARCHAR2、NCHAR 或 NVARCHAR2 数据类型的字符串转换为一个 INTERVAL YEAR TO MONTH 数据类型的值，可以用来对一个日期时间值进行加减计算。", "\n\n\n参数\n说明\n\n\n\n\n[+|-] years-months\n符合该参数格式的 CHAR、VARCHAR2、NCHAR 或 NVARCHAR2 数据类型的字符串。 \n      \nyears 表示年，取整数值，范围为 [0,999999999]。\nmonths 表示月，取整数值，范围为 [0,11]。\n\n\n\n[-]P[ years Y][months M][days D][T[hours H][minutes M][seconds[.frac_secs]S]]\n符合该参数格式的 CHAR、VARCHAR2、NCHAR 或 NVARCHAR2 数据类型的字符串。 frac_secs 表示秒的小数部分，取整数值，范围是[0,999999999]。 注意 值中不允许有空格。\n\n\n", "返回 INTERVAL YEAR TO MONTH 数据类型。"], "Examples": ["obclient> SELECT SYSDATE,SYSDATE+TO_YMINTERVAL('01-02') FROM DUAL;\n+-----------+--------------------------------+\n| SYSDATE   | SYSDATE+TO_YMINTERVAL('01-02') |\n+-----------+--------------------------------+\n| 18-NOV-21 | 18-JAN-23                      |\n+-----------+--------------------------------+\n1 row in set\n"], "Category": ["Datetime Functions", "Conversion Functions"]}
{"HTML": ["https://www.oceanbase.com/docs/enterprise-oceanbase-database-cn-1000000000823120"], "Title": ["TRUNC (date)"], "Feature": ["TRUNC(date,[fmt])\n"], "Description": ["该函数返回以参数 fmt 为单位距离的离指定日期 date 最近的日期时间值，并且返回的日期值在 date 之前。", "\n注意\n与函数 ROUND( ) 返回值的区别为，TRUNC(date) 返回的值必须是在 date 之前的离 date 最近的日期，ROUND( ) 可以是 date 之前也可以是 date 之后的离它最近的日期值。\n", "\n\n\n参数\n说明\n\n\n\n\ndate\nDATE 数据类型。\n\n\nfmt\n指定了函数返回值与 date 的距离单位。\n\n\n", "如下表格列出了 fmt 参数的取值说明，该参数对大小写不敏感。", "\n\n\nfmt 参数的取值\n说明\n\n\n\n\nj\n默认值，最近 0 点日期。\n\n\nday、dy、d\n返回离指定日期最近的星期日。\n\n\nmonth、mon、mm、rm\n返回离指定日期最近的月的第一天日期。\n\n\nq\n返回离指定日期最近的季的日期。\n\n\nyyyy、yyy、yy、y\n多个 y 表示不同的精度，返回离指定日期最近的年的第一个日期。\n\n\ncc、scc\n返回离指定日期最近的世纪的初日期。\n\n\n", "返回 DATE 数据类型。"], "Examples": ["obclient> SELECT SYSDATE 当时日期,\n    TRUNC(SYSDATE) 今天日期,\n    TRUNC(SYSDATE,'DAY') 本周星期日,\n    TRUNC(SYSDATE,'MONTH') 本月初,\n    TRUNC(SYSDATE,'Q') 本季初日期,\n    TRUNC(SYSDATE,'YEAR') 本年初日期 FROM DUAL;\n+--------------+--------------+-----------------+-----------+-----------------+-----------------+\n| 当时日期     | 今天日期     | 本周星期日      | 本月初    | 本季初日期      | 本年初日期      |\n+--------------+--------------+-----------------+-----------+-----------------+-----------------+\n| 18-NOV-21    | 18-NOV-21    | 14-NOV-21       | 01-NOV-21 | 01-OCT-21       | 01-JAN-21       |\n+--------------+--------------+-----------------+-----------+-----------------+-----------------+\n1 row in set\n"], "Category": ["Datetime Functions"]}
{"HTML": ["https://www.oceanbase.com/docs/enterprise-oceanbase-database-cn-1000000000823133"], "Title": ["TZ_OFFSET"], "Feature": ["TZ_OFFSET({ SESSIONTIMEZONE | DBTIMEZONE})\n"], "Description": ["该函数返回当前会话时区 SESSIONTIMEZONE 或数据库时区 DBTIMEZONE 的时区偏移量。", "\n说明\n时区偏移量是指与格林尼治标准时间 GMT 的差（计算单位为小时和分钟）。\n", "\n\n\n参数\n说明\n\n\n\n\nSESSIONTIMEZONE\n当前会话时区。\n\n\nDBTIMEZONE\n数据库时区。\n\n\n", "返回 VARCHAR2 数据类型。"], "Examples": ["obclient> SELECT TZ_OFFSET(SESSIONTIMEZONE),TZ_OFFSET(DBTIMEZONE) FROM DUAL;\n+----------------------------+-----------------------+\n| TZ_OFFSET(SESSIONTIMEZONE) | TZ_OFFSET(DBTIMEZONE) |\n+----------------------------+-----------------------+\n| +08:00                     | +00:00                |\n+----------------------------+-----------------------+\n1 row in set\n"], "Category": ["Datetime Functions"]}
{"HTML": ["https://www.oceanbase.com/docs/enterprise-oceanbase-database-cn-1000000000823128"], "Title": ["CURRENT_DATE"], "Feature": ["CURRENT_DATE\n"], "Description": ["该函数返回当前会话时区的当前日期。", "返回 DATE 数据类型。"], "Examples": ["obclient> SELECT CURRENT_DATE FROM DUAL;\n+--------------+\n| CURRENT_DATE |\n+--------------+\n| 17-NOV-21    |\n+--------------+\n1 row in set\n"], "Category": ["Datetime Functions"]}
{"HTML": ["https://www.oceanbase.com/docs/enterprise-oceanbase-database-cn-1000000000823132"], "Title": ["CURRENT_TIMESTAMP"], "Feature": ["CURRENT_TIMESTAMP[ (precision）]\n"], "Description": ["该函数返回当前会话时区中的当前日期，返回值中包含当前的时区信息。", "precision 表示秒小数位的精度，取整数值，范围为 [0,9]，为可选项。默认值为 6。", "返回包含当前的时区信息的 TIMESTAMP WITH TIME ZONE 数据类型。"], "Examples": ["obclient> ALTER SESSION SET TIME_ZONE = '-05:00';\nQuery OK, 0 rows affected\n\nobclient> SELECT CURRENT_TIMESTAMP(2) FROM DUAL;\n+---------------------------------+\n| CURRENT_TIMESTAMP(2)            |\n+---------------------------------+\n| 17-NOV-21 04.22.51.13 AM -05:00 |\n+---------------------------------+\n1 row in set\n", "obclient> ALTER SESSION SET TIME_ZONE = '+08:00';\nQuery OK, 0 rows affected\n\nobclient> SELECT CURRENT_TIMESTAMP(2) FROM DUAL;\n+---------------------------------+\n| CURRENT_TIMESTAMP(2)            |\n+---------------------------------+\n| 17-NOV-21 05.23.01.92 PM +08:00 |\n+---------------------------------+\n1 row in set\n"], "Category": ["Datetime Functions"]}
{"HTML": ["https://www.oceanbase.com/docs/enterprise-oceanbase-database-cn-1000000000823124"], "Title": ["DBTIMEZONE"], "Feature": ["DBTIMEZONE\n"], "Description": ["该函数返回当前数据库实例的时区，OceanBase 数据库的时区恒为+00:00，且不支持修改。", "返回 VARCHAR2 数据类型。"], "Examples": ["obclient> SELECT DBTIMEZONE FROM DUAL;\n+------------+\n| DBTIMEZONE |\n+------------+\n| +00:00     |\n+------------+\n1 row in set\n"], "Category": ["Datetime Functions"]}
{"HTML": ["https://www.oceanbase.com/docs/enterprise-oceanbase-database-cn-1000000000823121"], "Title": ["ADD_MONTHS"], "Feature": ["ADD_MONTHS(date, n)\n"], "Description": ["该函数功能是返回日期 date 加上 n 个月后的日期值。", "\n说明\n由于每个月的天数不同，当 date 是一个月中的最后一天时，函数返回计算后所得月份的最后一天。例如，用 ADD_MONTHS 计算 2020 年 3 月 31 日一个月前的日期，返回 2020 年 2 月 29 日。\n", "\n\n\n参数\n说明\n\n\n\n\ndate\n指定日期。该参数为 DATE 数据类型。\n\n\nn\n整数或可以转换为一个整数的任意值。NUMBER 数据类型。 \n      \n如果 n 的值为负数，则返回日期 date 基础上 n 个月前的日期值。\n如果 n 的值为正数，则返回日期 date 基础上 n 个月后的日期值。\n\n\n\n", "返回 DATE 数据类型。"], "Examples": [], "Category": ["Datetime Functions"]}
{"HTML": ["https://www.oceanbase.com/docs/enterprise-oceanbase-database-cn-1000000000823126"], "Title": ["EXTRACT（datetime）"], "Feature": ["EXTRACT ({ YEAR\n         | MONTH\n         | DAY\n         | HOUR\n         | MINUTE\n         | SECOND\n         | TIMEZONE_HOUR\n         | TIMEZONE_MINUTE\n         | TIMEZONE_REGION\n         | TIMEZONE_ABBR\n         }\n   FROM datetime)\n"], "Description": ["该函数是从指定的时间字段或表达式中抽取年、月、日、时、分、秒和时区等元素。", "\n\n\n参数\n说明\n\n\n\n\nYEAR\n指定提取年份。\n\n\nMONTH\n指定提取月份。\n\n\nDAY\n指定提取日期。\n\n\nHOUR\n指定提取小时。\n\n\nMINUTE\n指定提取分钟。\n\n\nSECOND\n指定提取秒数。\n\n\nTIMEZONE_HOUR\n指定提取时区的时。\n\n\nTIMEZONE_MINUTE\n指定提取时区的分。\n\n\nTIMEZONE_REGION\n指定返回时区区域名称。 说明 当时间表达式中提供了时区数字偏移并且该数字偏移可能映射到多个时区区域名称时，返回 UNKNOWN。\n\n\nTIMEZONE_ABBR\n指定返回时区区域名称缩写。 说明 当时间表达式中提供了时区数字偏移并且该数字偏移可能映射到多个时区区域名称时，返回 UNK。\n\n\ndatetime\nDATE、TIMESTAMP、TIMESTAMP WITH TIME ZONE、TIMESTAMP WITH LOCAL TIME ZONE、INTERVAL YEAR TO MONTH、INTERVAL DAY TO SECOND 等数据类型的值。\n\n\n", "\n说明\n\n如果指定提取 YEAR 或 MONTH，则 datetime 数据类型为 DATE、TIMESTAMP、TIMESTAMP WITH TIME ZONE、TIMESTAMP WITH LOCAL TIME ZONE 或 INTERVAL YEAR TO MONTH。\n如果指定提取 DAY，则 datetime 数据类型为 DATE、TIMESTAMP、TIMESTAMP WITH TIME ZONE、TIMESTAMP WITH LOCAL TIME ZONE 或 INTERVAL DAY TO SECOND。\n如果指定提取 HOUR、MINUTE、或 SECOND，则 datetime 数据类型为 TIMESTAMP、TIMESTAMP WITH TIME ZONE、TIMESTAMP WITH LOCAL TIME ZONE、INTERVAL DAY TO SECOND。\n如果指定提取 TIMEZONE_HOUR、TIMEZONE_MINUTE、TIMEZONE_ABBR 或 TIMEZONE_REGION，则 datetime 数据类型为 TIMESTAMP WITH TIME ZONE 或 TIMESTAMP WITH LOCAL TIME ZONE。\n\n", "抽取元素 TIMEZONE_REGION、TIMEZONE_ABBR 时，返回值的数据类型为 VARCHAR2。", "抽取其他元素时，返回值的数据类型为 NUMBER。"], "Examples": ["obclient> SELECT  EXTRACT(HOUR FROM TIMESTAMP '2021-11-17 12:38:40') \"HOUR\",\n            EXTRACT(MINUTE FROM TIMESTAMP '2021-11-17 12:38:40') \"MINUTE\",\n            EXTRACT(SECOND FROM TIMESTAMP '2021-11-17 12:38:40') \"SECOND\",\n            EXTRACT(DAY FROM TIMESTAMP '2021-11-17 12:38:40') \"DAY\",\n            EXTRACT(MONTH FROM TIMESTAMP '2021-11-17 12:38:40') \"MONTH\",\n            EXTRACT(YEAR FROM TIMESTAMP '2021-11-17 12:38:40') \"YEAR\",\n            EXTRACT(TIMEZONE_HOUR FROM TIMESTAMP '2021-11-17 12:38:40 +08:00') \"TIMEZONE_HOUR\",\n            EXTRACT(TIMEZONE_REGION FROM TIMESTAMP '2021-11-17 12:38:40 +08:00') \"TIMEZONE_REGION\",\n            EXTRACT(TIMEZONE_ABBR FROM TIMESTAMP '2021-11-17 12:38:40 +08:00') \"TIMEZONE_ABBR\"\n          FROM DUAL;\n+------+--------+--------+------+-------+------+---------------+-----------------+---------------+\n| HOUR | MINUTE | SECOND | DAY  | MONTH | YEAR | TIMEZONE_HOUR | TIMEZONE_REGION | TIMEZONE_ABBR |\n+------+--------+--------+------+-------+------+---------------+-----------------+---------------+\n|   12 |     38 |     40 |   17 |    11 | 2021 |             8 | UNKNOWN         | UNK           |\n+------+--------+--------+------+-------+------+---------------+-----------------+---------------+\n1 row in set\n"], "Category": ["Datetime Functions"]}
{"HTML": ["https://www.oceanbase.com/docs/enterprise-oceanbase-database-cn-1000000000823136"], "Title": ["FROM_TZ"], "Feature": ["FROM_TZ (timestamp_value,time_zone_value)\n"], "Description": ["该函数将一个 TIMSTAMP 数据类型的值和时区信息拼成一个 TIMESTAMP WITH TIME ZONE 数据类型的时间值。", "\n\n\n参数\n说明\n\n\n\n\ntimestamp_value\nTIMSTAMP 数据类型的时间值。\n\n\ntime_zone_value\n时区信息。\n\n\n", "返回 TIMESTAMP WITH TIME ZONE 数据类型。"], "Examples": ["obclient> SELECT FROM_TZ(TIMESTAMP '2021-03-28 08:00:00', '+08:00') FROM DUAL;\n+-------------------------------------------------+\n| FROM_TZ(TIMESTAMP'2021-03-2808:00:00','+08:00') |\n+-------------------------------------------------+\n| 28-MAR-21 08.00.00.000000000 AM +08:00          |\n+-------------------------------------------------+\n1 row in set\n"], "Category": ["Datetime Functions"]}
{"HTML": ["https://www.oceanbase.com/docs/enterprise-oceanbase-database-cn-1000000000823123"], "Title": ["LAST_DAY"], "Feature": ["LAST_DAY (date)\n"], "Description": ["该函数返回日期 date 所在月份的最后一天的日期。", "\n\n\n参数\n说明\n\n\n\n\ndate\n所有包含日期信息的数据类型（DATE、TIMESTAMP、TIMESTAMP WITH TIME ZONE、TIMESTAMP WITH LOCAL TIME ZONE）的值。\n\n\n", "返回 DATE 数据类型。"], "Examples": ["obclient> SELECT SYSDATE,LAST_DAY(SYSDATE) \"Last\",LAST_DAY(SYSDATE)-SYSDATE FROM DUAL;\n+-----------+-----------+---------------------------+\n| SYSDATE   | Last      | LAST_DAY(SYSDATE)-SYSDATE |\n+-----------+-----------+---------------------------+\n| 17-NOV-21 | 30-NOV-21 |                        13 |\n+-----------+-----------+---------------------------+\n1 row in set\n"], "Category": ["Datetime Functions"]}
{"HTML": ["https://www.oceanbase.com/docs/enterprise-oceanbase-database-cn-1000000000823119"], "Title": ["LOCALTIMESTAMP"], "Feature": ["LOCALTIMESTAMP [(timestamp_precision)]\n"], "Description": ["该函数返回当前会话时区中的当前日期，返回 TIMESTAMP 数据类型的值。", "与函数 CURRENT_TIMESTAMP 的区别是，CURRENT_TIMESTAMP 函数返回 TIMESTAMP WITH TIME ZONE 数据类型的值。", "timestamp_precision 表示秒的小数位的精度，取整数值，范围为 [0,9]，为可选项。默认值为 6。", "返回 TIMESTAMP 数据类型。"], "Examples": ["obclient> ALTER SESSION SET TIME_ZONE = '-05:00';\nQuery OK, 0 rows affected\n\nobclient> SELECT LOCALTIMESTAMP FROM DUAL;\n+------------------------------+\n| LOCALTIMESTAMP               |\n+------------------------------+\n| 17-NOV-21 04.36.28.557316 AM |\n+------------------------------+\n1 row in set\n", "obclient> ALTER SESSION SET TIME_ZONE = '+08:00';\nQuery OK, 0 rows affected\n\nobclient> SELECT LOCALTIMESTAMP(3) FROM DUAL;\n+---------------------------+\n| LOCALTIMESTAMP(3)         |\n+---------------------------+\n| 17-NOV-21 05.38.12.839 PM |\n+---------------------------+\n1 row in set\n"], "Category": ["Datetime Functions"]}
{"HTML": ["https://www.oceanbase.com/docs/enterprise-oceanbase-database-cn-1000000000823129"], "Title": ["MONTHS_BETWEEN"], "Feature": ["MONTHS_BETWEEN (date1，date2)\n"], "Description": ["该函数是返回参数 date1 到 date2 之间的月数。", "\n\n\n参数\n说明\n\n\n\n\ndate1\nDATE 数据类型的值。\n\n\ndate2\nDATE 数据类型的值。\n\n\n", "返回 NUMBER 数据类型。", "如果 date1 大于 date2，返回正数。", "如果 date1 小于 date2，则返回负数。"], "Examples": ["obclient> SELECT MONTHS_BETWEEN(TO_DATE('2030-11-17','YYYY-MM-DD'),TO_DATE('2022-01-15','YYYY-MM-DD')) \"MONTHS\" FROM DUAL;\n+------------------------------------------+\n| MONTHS                                   |\n+------------------------------------------+\n| 106.064516129032258064516129032258064516 |\n+------------------------------------------+\n1 row in set\n"], "Category": ["Datetime Functions"]}
{"HTML": ["https://www.oceanbase.com/docs/enterprise-oceanbase-database-cn-1000000000823139"], "Title": ["NEXT_DAY"], "Feature": ["NEXT_DAY (date,week)\n"], "Description": ["该函数是返回日期 date 的下一周中 week（星期值）所在的日期值。", "\n\n\n参数\n说明\n\n\n\n\ndate\nDATE 数据类型的值。\n\n\nweek\n星期值。包括 SUNDAY（星期天）、 MONDAY（星期一）、 TUESDAY（星期二）、 WEDNESDAY（星期三）、 THURSDAY（星期四）、 FRIDAY（星期五）和 SATURDAY（星期六）。\n\n\n", "返回 DATE 数据类型。"], "Examples": ["obclient> SELECT SYSDATE \"当前日期\",\n    NEXT_DAY(SYSDATE,'MONDAY') \"下周一\",\n    NEXT_DAY(SYSDATE,'TUESDAY') \"下周二\",\n    NEXT_DAY(SYSDATE,'WEDNESDAY') \"下周三\",\n    NEXT_DAY(SYSDATE,'THURSDAY') \"下周四\",\n    NEXT_DAY(SYSDATE,'FRIDAY') \"下周五\",\n    NEXT_DAY(SYSDATE,'SATURDAY') \"下周六\",\n    NEXT_DAY(SYSDATE,'SUNDAY') \"下周日\"\n    FROM DUAL;\n+--------------+-----------+-----------+-----------+-----------+-----------+-----------+-----------+\n| 当前日期     | 下周一    | 下周二    | 下周三    | 下周四    | 下周五    | 下周六    | 下周日    |\n+--------------+-----------+-----------+-----------+-----------+-----------+-----------+-----------+\n| 17-NOV-21    | 22-NOV-21 | 23-NOV-21 | 24-NOV-21 | 18-NOV-21 | 19-NOV-21 | 20-NOV-21 | 21-NOV-21 |\n+--------------+-----------+-----------+-----------+-----------+-----------+-----------+-----------+\n1 row in set\n"], "Category": ["Datetime Functions"]}
{"HTML": ["https://www.oceanbase.com/docs/enterprise-oceanbase-database-cn-1000000000823125"], "Title": ["NUMTODSINTERVAL"], "Feature": ["NUMTODSINTERVAL (n,interval_unit)\n"], "Description": ["该函数是把参数 n 转为以参数 interval_unit 为单位的 INTERVAL DAY TO SECOND 数据类型的值。", "\n\n\n参数\n说明\n\n\n\n\nn\nNUMBER 数据类型或可以转换为 NUMBER 数据类型的表达式。\n\n\ninterval_unit\n单位值。取值为 DAY（天）、HOUR（小时）、MINUTE（分钟）、SECOND（秒），不区分大小写。\n\n\n", "返回 INTERVAL DAY TO SECOND 数据类型。"], "Examples": ["obclient> SELECT SYSDATE,SYSDATE+NUMTODSINTERVAL(3,'DAY') AS \"DAY\" FROM DUAL;\n+-----------+-----------+\n| SYSDATE   | DAY       |\n+-----------+-----------+\n| 18-NOV-21 | 21-NOV-21 |\n+-----------+-----------+\n1 row in set\n"], "Category": ["Datetime Functions", "Conversion Functions"]}
{"HTML": ["https://www.oceanbase.com/docs/enterprise-oceanbase-database-cn-1000000000823140"], "Title": ["NUMTOYMINTERVAL"], "Feature": ["NUMTOYMINTERVAL (n,interval_unit)\n"], "Description": ["该函数是把参数 n 转为以 interval_unit 为单位的 INTERVAL YEAR TO MONTH 数据类型的值。", "\n\n\n参数\n说明\n\n\n\n\nn\nNUMBER 数据类型或可以转换为 NUMBER 数据类型的表达式。\n\n\ninterval_unit\n单位值。取值为 YEAR（年）或 MONTH（月），不区分大小写。\n\n\n", "返回 INTERVAL YEAR TO MONTH 数据类型。"], "Examples": ["obclient> SELECT SYSDATE,SYSDATE+NUMTOYMINTERVAL(3,'YEAR') AS RES FROM DUAL;\n+-----------+-----------+\n| SYSDATE   | RES       |\n+-----------+-----------+\n| 18-NOV-21 | 18-NOV-24 |\n+-----------+-----------+\n1 row in set\n"], "Category": ["Datetime Functions", "Conversion Functions"]}
