{
    "HTML": [
        "https://www.oceanbase.com/docs/enterprise-oceanbase-database-cn-1000000000822891"
    ],
    "Title": [
        "STDDEV"
    ],
    "Feature": [
        "STDDEV([ DISTINCT | UNIQUE | ALL ] expr) [ OVER (analytic_clause) ]\n"
    ],
    "Description": [
        "该函数用于计算一组数值型数据标准差。它与函数 STDDEV_SAMP 的不同之处在于，STDDEV 只有一行输入数据时返回 0，而 STDDEV_SAMP 返回 NULL。OceanBase 数据库中标准差的值是函数 VARIANCE 计算出的方差的算术平方根。可以将其用作聚合或分析函数。",
        "\n说明\n\n作为分析函数使用时，需要使用 OVER 子句定义窗口进行计算。它对一组行的集合进行计算并返回多个值。\n作为聚合函数使用时，该函数对一组行的集合进行聚合计算，结果只能返回一个值，此时不需要加 OVER 子句。\n\n",
        "\n\n\n参数\n说明\n\n\n\n\nDISTINCT | UNIQUE | ALL\n查询时是否去重。为可选项，默认值 ALL。 \n      \nALL：全部数值列。\nDISTINCT：去重关键字，表示计算唯一值的总体标准差。\nUNIQUE：去重关键字，表示计算唯一值的总体标准差。\n\n\n\nexpr\n数值类型或者可以转换成数值类型的值。\n\n\nOVER\n使用 OVER 子句定义窗口进行计算。详细信息请参见 分析函数说明。\n\n\n",
        "\n注意\n如果您指定了 DISTINCT 或 UNIQUE 关键字，则 analytic_clause 中不允许出现 order_by_clause 和 windowing_clause。\n",
        "返回 NUMBER 类型的数据。"
    ],
    "Examples": [
        "obclient> SELECT * FROM employees;\n+---------------+-----------+------------+--------+\n| DEPARTMENT_ID | LAST_NAME | HIREDATE   | SALARY |\n+---------------+-----------+------------+--------+\n|            30 | Raphaely  | 2017-07-01 |   1700 |\n|            30 | De Haan   | 2018-05-01 |  11000 |\n|            40 | Errazuriz | 2017-07-21 |   1400 |\n|            50 | Hartstein | 2019-10-05 |  14000 |\n|            50 | Raphaely  | 2017-07-22 |   1700 |\n|            50 | Weiss     | 2019-10-05 |  13500 |\n|            90 | Russell   | 2019-07-11 |  13000 |\n|            90 | Partners  | 2018-12-01 |  14000 |\n+---------------+-----------+------------+--------+\n8 rows in set\n",
        "obclient> SELECT STDDEV(salary) FROM employees;\n+-------------------------------------------+\n| STDDEV(SALARY)                            |\n+-------------------------------------------+\n| 6026.474330580265330900400184969999384459 |\n+-------------------------------------------+\n1 row in set\n",
        "obclient> SELECT last_name,hiredate,salary,STDDEV(salary) OVER (ORDER BY hiredate) \"StdDev\"\n          FROM employees;\n+-----------+------------+--------+-------------------------------------------+\n| LAST_NAME | HIREDATE   | SALARY | StdDev                                    |\n+-----------+------------+--------+-------------------------------------------+\n| Raphaely  | 2017-07-01 |   1700 |                                         0 |\n| Errazuriz | 2017-07-21 |   1400 |  212.132034355964257320253308631454711785 |\n| Raphaely  | 2017-07-22 |   1700 |  173.205080756887729352744634150587236694 |\n| De Haan   | 2018-05-01 |  11000 | 4702.127178203498995615489088200868644482 |\n| Partners  | 2018-12-01 |  14000 | 6064.899009876421676804205219406952308814 |\n| Russell   | 2019-07-11 |  13000 |  6138.94670661561181357873224397795992899 |\n| Hartstein | 2019-10-05 |  14000 | 6026.474330580265330900400184969999384459 |\n| Weiss     | 2019-10-05 |  13500 | 6026.474330580265330900400184969999384459 |\n+-----------+------------+--------+-------------------------------------------+\n8 rows in set\n"
    ],
    "Category": [
        "Aggregate Functions",
        "Analytic Functions"
    ]
}