{
    "HTML": [
        "https://www.oceanbase.com/docs/enterprise-oceanbase-database-cn-1000000000822862"
    ],
    "Title": [
        "STDDEV_POP"
    ],
    "Feature": [
        "STDDEV_POP( [ALL] expr) [ OVER (analytic_clause) ]\n"
    ],
    "Description": [
        "该函数将数值型数据作为参数计算总体标准差。总体标准差是总体方差的算术平方根。可以将其用作聚合或分析函数。",
        "\n说明\n\n作为分析函数使用时，需要使用 OVER 子句定义窗口进行计算。它对一组行的集合进行计算并返回多个值。\n作为聚合函数使用时，该函数对一组行的集合进行聚合计算，结果只能返回一个值，此时不需要加 OVER 子句。\n\n",
        "\n\n\n参数\n说明\n\n\n\n\nALL\n指定全部数值列，为可选项。默认值为 ALL。\n\n\nexpr\n数值类型（NUMBER、FLOAT、BINARY_FLOAT 和 BINARY_DOUBLE）或者可以转换成数值类型的表达式。\n\n\nOVER\n使用 OVER 子句定义窗口进行计算。详细信息请参见 分析函数说明。\n\n\n",
        "返回类型与参数 expr 的数据类型相同。"
    ],
    "Examples": [
        "obclient> SELECT * FROM employees;\n+---------------+-----------+------------+--------+\n| DEPARTMENT_ID | LAST_NAME | HIREDATE   | SALARY |\n+---------------+-----------+------------+--------+\n|            30 | Raphaely  | 2017-07-01 |   1700 |\n|            30 | De Haan   | 2018-05-01 |  11000 |\n|            40 | Errazuriz | 2017-07-21 |   1400 |\n|            50 | Hartstein | 2019-10-05 |  14000 |\n|            50 | Raphaely  | 2017-07-22 |   1700 |\n|            50 | Weiss     | 2019-10-05 |  13500 |\n|            90 | Russell   | 2019-07-11 |  13000 |\n|            90 | Partners  | 2018-12-01 |  14000 |\n+---------------+-----------+------------+--------+\n8 rows in set\n",
        "obclient> SELECT STDDEV_POP(salary) FROM employees;\n+-------------------------------------------+\n| STDDEV_POP(SALARY)                        |\n+-------------------------------------------+\n| 5637.250548804798333699350384281939588505 |\n+-------------------------------------------+\n1 row in set\n",
        "obclient> SELECT department_id,last_name,salary,STDDEV_POP(salary) OVER (PARTITION BY department_id) AS pop_std\n          FROM employees\n          ORDER BY department_id,last_name,salary;\n+---------------+-----------+--------+-------------------------------------------+\n| DEPARTMENT_ID | LAST_NAME | SALARY | POP_STD                                   |\n+---------------+-----------+--------+-------------------------------------------+\n|            30 | De Haan   |  11000 |                                      4650 |\n|            30 | Raphaely  |   1700 |                                      4650 |\n|            40 | Errazuriz |   1400 |                                         0 |\n|            50 | Hartstein |  14000 | 5684.090858606052304285807872404592677763 |\n|            50 | Raphaely  |   1700 | 5684.090858606052304285807872404592677763 |\n|            50 | Weiss     |  13500 | 5684.090858606052304285807872404592677763 |\n|            90 | Partners  |  14000 |                                       500 |\n|            90 | Russell   |  13000 |                                       500 |\n+---------------+-----------+--------+-------------------------------------------+\n8 rows in set\n"
    ],
    "Category": [
        "Aggregate Functions",
        "Analytic Functions"
    ]
}