{
    "HTML": [
        "https://www.oceanbase.com/docs/enterprise-oceanbase-database-cn-1000000000822877"
    ],
    "Title": [
        "SUM"
    ],
    "Feature": [
        "SUM([ DISTINCT | UNQIUE | ALL ] expr) [ OVER (analytic_clause) ]\n"
    ],
    "Description": [
        "该函数返回指定参数的总和。可以将其用作聚合或分析函数。",
        "\n说明\n\n作为分析函数使用时，需要使用 OVER 子句定义窗口进行计算。它对一组行的集合进行计算并返回多个值。\n作为聚合函数使用时，该函数对一组行的集合进行聚合计算，结果只能返回一个值，此时不需要加 OVER 子句。\n\n",
        "\n\n\n参数\n说明\n\n\n\n\nDISTINCT | UNQIUE | ALL\n计算时是否去重。为可选项，默认值 ALL。 \n      \nALL：计算所有值，包含重复行，且忽略值为 NULL 的行。\nDISTINCT：去除重复行，且忽略值为 NULL 的行。\nUNIQUE：去除重复行，且忽略值为 NULL 的行。\n\n\n\nexpr\n数值数据类型或任何可以隐式转换为数值数据类型的表达式。\n\n\nOVER\n使用 OVER 子句定义窗口进行计算。详细信息请参见 分析函数说明。\n\n\n",
        "\n注意\n如果您指定了 DISTINCT 或 UNIQUE 关键字，则 analytic_clause 中不允许出现 order_by_clause 和 windowing_clause 参数。\n",
        "返回与 expr 相同数据类型的值。"
    ],
    "Examples": [
        "obclient> SELECT * FROM employees;\n+---------------+-----------+------------+--------+\n| DEPARTMENT_ID | LAST_NAME | HIREDATE   | SALARY |\n+---------------+-----------+------------+--------+\n|            30 | Raphaely  | 2017-07-01 |   1700 |\n|            30 | De Haan   | 2018-05-01 |  11000 |\n|            40 | Errazuriz | 2017-07-21 |   1400 |\n|            50 | Hartstein | 2019-10-05 |  14000 |\n|            50 | Raphaely  | 2017-07-22 |   1700 |\n|            50 | Weiss     | 2019-10-05 |  13500 |\n|            90 | Russell   | 2019-07-11 |  13000 |\n|            90 | Partners  | 2018-12-01 |  14000 |\n+---------------+-----------+------------+--------+\n8 rows in set\n",
        "obclient> SELECT SUM(salary) FROM employees;\n+-------------+\n| SUM(SALARY) |\n+-------------+\n|       70300 |\n+-------------+\n1 row in set\n",
        "obclient> SELECT department_id, last_name, salary,\n              SUM(salary) OVER\n                  (PARTITION BY department_id ORDER BY salary RANGE UNBOUNDED PRECEDING) s_sum\n    FROM employees\n    ORDER BY department_id,s_sum;\n+---------------+-----------+--------+-------+\n| DEPARTMENT_ID | LAST_NAME | SALARY | S_SUM |\n+---------------+-----------+--------+-------+\n|            30 | Raphaely  |   1700 |  1700 |\n|            30 | De Haan   |  11000 | 12700 |\n|            40 | Errazuriz |   1400 |  1400 |\n|            50 | Raphaely  |   1700 |  1700 |\n|            50 | Weiss     |  13500 | 15200 |\n|            50 | Hartstein |  14000 | 29200 |\n|            90 | Russell   |  13000 | 13000 |\n|            90 | Partners  |  14000 | 27000 |\n+---------------+-----------+--------+-------+\n8 rows in set\n"
    ],
    "Category": [
        "Aggregate Functions",
        "Analytic Functions"
    ]
}