{
    "HTML": [
        "https://www.oceanbase.com/docs/enterprise-oceanbase-database-cn-1000000000823238"
    ],
    "Title": [
        "TO_NCHAR (datetime)"
    ],
    "Feature": [
        "TO_NCHAR({ datetime | interval }[, fmt [, 'nlsparam' ] ])\n"
    ],
    "Description": [
        "该函数将 DATE、TIMESTAMP、TIMESTAMP WITH TIME ZONE、TIMESTAMP WITH LOCAL TIME ZONE、INTERVAL YEAR TO MONTH 或 INTERVAL DAY TO SECOND 等数据类型的值从数据库字符集转换为国家字符集的数据类型。",
        "\n\n\n参数\n说明\n\n\n\n\ndatetime\nDATE、TIMESTAMP、TIMESTAMP WITH TIME ZONE、TIMESTAMP WITH LOCAL TIME ZONE、INTERVAL DAY TO SECOND 和 INTERVAL YEAR TO MONTH 等数据类型的值。\n\n\ninterval\nINTERVAL DAY TO SECOND 和 INTERVAL YEAR TO MONTH 数据类型的值。间隔单位如下： \n      \nYEAR 表示年。\nMONTH 表示月。\nDAY 表示天。\nHOUR 表示小时。\nMINUTE 表示分钟。\nSECOND 表示秒数。\n\n\n\nfmt\n指定输出格式，为可选项。如果不指定参数 fmt，则参数 datetime 的值将按如下格式转换为 VARCHAR2 数据类型： \n      \nDATE、TIMESTAMP、TIMESTAMP WITH TIME ZONE 和 TIMESTAMP WITH LOCAL TIME ZONE 的值被转换为数据库中日期时间值的默认格式。您可在 日期时间和间隔数据类型 章节中查看各日期时间类型的默认格式。\nINTERVAL DAY TO SECOND 和 INTERVAL YEAR TO MONTH 数据类型的值转换为数字格式的间隔值。\n\n\n\nnlsparam\n用来控制返回的月份和日份所使用的语言，为可选项。\n\n\n",
        "返回国家字符集的数据类型。"
    ],
    "Examples": [
        "obclient> SELECT TO_NCHAR(SYSDATE,'yyyy/mm/dd'),TO_NCHAR(SYSDATE,'DSDL') FROM DUAL;\n+--------------------------------+----------------------------------------+\n| TO_NCHAR(SYSDATE,'YYYY/MM/DD') | TO_NCHAR(SYSDATE,'DSDL')               |\n+--------------------------------+----------------------------------------+\n| 2021/12/09                     | 12/09/2021 Thursday, December 09, 2021 |\n+--------------------------------+----------------------------------------+\n1 row in set\n",
        "obclient> SELECT TO_NCHAR(interval'90' MINUTE, 'SS-MI-HH', 'nls_language = AMERICAN') FROM DUAL;\n+-----------------------------------------------------------------+\n| TO_NCHAR(INTERVAL'90'MINUTE,'SS-MI-HH','NLS_LANGUAGE=AMERICAN') |\n+-----------------------------------------------------------------+\n| +00 01:30:00                                                    |\n+-----------------------------------------------------------------+\n1 row in set\n"
    ],
    "Category": [
        "Conversion Functions"
    ]
}