{
    "HTML": [
        "https://www.oceanbase.com/docs/enterprise-oceanbase-database-cn-1000000000823220"
    ],
    "Title": [
        "TO_NUMBER"
    ],
    "Feature": [
        "TO_NUMBER(expr [, fmt [, 'nlsparam' ] ])\n"
    ],
    "Description": [
        "该函数功能是将 CHAR、VARCHAR2、NCHAR、NVARCHAR2、BINARY_FLOAT 或 BINARY_DOUBLE 类型的字符串转换为 NUMBER 数值数据类型的值。",
        "\n\n\n参数\n说明\n\n\n\n\nexpr\n属于 CHAR、VARCHAR2、NCHAR、NVARCHAR2、BINARY_FLOAT 或 BINARY_DOUBLE 数据类型的数值。\n\n\nfmt\nexpr 的格式模型，为可选项。 说明 expr 必须在 fmt 范围内。例如：TO_NUMBER('$123456.78','$999999999.999')。\n\n\nnlsparam\n用来控制返回数据的所使用的语言，为可选项。\n\n\n",
        "返回 NUMBER 类型的数据。"
    ],
    "Examples": [
        "obclient> SELECT TO_NUMBER('0123456') FROM DUAL;\n+----------------------+\n| TO_NUMBER('0123456') |\n+----------------------+\n|               123456 |\n+----------------------+\n1 row in set\n",
        "obclient> SELECT TO_NUMBER('16f','xxx') FROM DUAL;\n+------------------------+\n| TO_NUMBER('16F','XXX') |\n+------------------------+\n|                    367 |\n+------------------------+\n1 row in set\n"
    ],
    "Category": [
        "Conversion Functions"
    ]
}