{
    "HTML": [
        "https://www.oceanbase.com/docs/enterprise-oceanbase-database-cn-1000000000823512"
    ],
    "Title": [
        "XMLCAST"
    ],
    "Feature": [
        "XMLCAST ( value_expression AS datatype )\n"
    ],
    "Description": [
        "该函数用于抽取 XML 文档的内容（不包括元素名称），并将其转换为 CHAR、VARCHAR、VARCHAR2、NUMBER、FLOAT、BLOB 或 CLOB 及任何日期时间数据类型。",
        "\n\n\n字段\n说明\n\n\n\n\nvalue_expression\n指定解析的内容必须为一个有效的 XML 片段。\n\n\nAS datatype\n指定返回的类型，可以为 CHAR、VARCHAR、VARCHAR2、NUMBER、FLOAT、BLOB 或 CLOB 及任何日期时间数据类型。\n\n\n",
        "返回 CHAR、VARCHAR、VARCHAR2、NUMBER、FLOAT、BLOB 或 CLOB 及任何日期时间数据类型。"
    ],
    "Examples": [
        "# 转换为 CHAR\nobclient> SELECT XMLCAST(XMLPARSE(DOCUMENT '<?xml version=\"1.0\"?><a>a</a>') AS CHAR) FROM DUAL;\n+-----------------------------------------------------------------+\n| XMLCAST(XMLPARSE(DOCUMENT'<?XMLVERSION=\"1.0\"?><A>A</A>')ASCHAR) |\n+-----------------------------------------------------------------+\n| a                                                               |\n+-----------------------------------------------------------------+\n1 row in set\n\n# 转换为 VARCHAR2\nobclient> SELECT XMLCAST(XMLPARSE(DOCUMENT '<?xml version=\"1.0\"?><a>aaaaaa</a>') AS VARCHAR2(5)) FROM DUAL;\n+-----------------------------------------------------------------------------+\n| XMLCAST(XMLPARSE(DOCUMENT'<?XMLVERSION=\"1.0\"?><A>AAAAAA</A>')ASVARCHAR2(5)) |\n+-----------------------------------------------------------------------------+\n| aaaaa                                                                       |\n+-----------------------------------------------------------------------------+\n1 row in set\n\n# 转换为 BLOB\nobclient> SELECT XMLCAST(XMLPARSE(DOCUMENT '<?xml version=\"1.0\"?><root><a>1</a><b>23f</b></root>') AS BLOB) FROM DUAL;\n+------------------------------------------------------------------------------------------------------------------------------------------------------------------------------+\n| XMLCAST(XMLPARSE(DOCUMENT'<?XMLVERSION=\"1.0\"?><ROOT><A>1</A><B>23F</B></ROOT>')ASBLOB)                                                                                       |\n+------------------------------------------------------------------------------------------------------------------------------------------------------------------------------+\n| 123F                                                                                                                                                                         |\n+------------------------------------------------------------------------------------------------------------------------------------------------------------------------------+\n1 row in set\n\n# 转换为 CLOB\nobclient> SELECT XMLCAST(XMLPARSE(DOCUMENT '<?xml version=\"1.0\" encoding=\"UTF-8\"?>\n    <note>\n    <to>To</to>\n    <FROM>Jani</FROM>\n    <heading>Reminder</heading>\n    <body>Do not forget me this weekend!</body>\n    </note>') AS CLOB) RES FROM DUAL;\n+----------------------------------------------+\n| RES                                          |\n+----------------------------------------------+\n| ToJaniReminderDo not forget me this weekend! |\n+----------------------------------------------+\n1 row in set\n\n# 转换为 NUMBER\nobclient> SELECT XMLCAST(XMLPARSE(CONTENT '<a>123.01</a>') AS NUMBER) FROM DUAL;\n+---------------------------------------------------+\n| XMLCAST(XMLPARSE(CONTENT'<A>123.01</A>')ASNUMBER) |\n+---------------------------------------------------+\n|                                            123.01 |\n+---------------------------------------------------+\n1 row in set\n\n# 转换为 FLOAT\nobclient> SELECT XMLCAST(XMLPARSE(CONTENT '<a>123.01</a>') AS FLOAT) FROM DUAL;\n+--------------------------------------------------+\n| XMLCAST(XMLPARSE(CONTENT'<A>123.01</A>')ASFLOAT) |\n+--------------------------------------------------+\n|                                           123.01 |\n+--------------------------------------------------+\n1 row in set\n\n# 转换为 DECIMAL\nobclient> SELECT XMLCAST(XMLPARSE(CONTENT '<a>123.01</a>') AS DECIMAL) FROM DUAL;\n+----------------------------------------------------+\n| XMLCAST(XMLPARSE(CONTENT'<A>123.01</A>')ASDECIMAL) |\n+----------------------------------------------------+\n|                                                123 |\n+----------------------------------------------------+\n1 row in set\n\n# 转换为 TIMESTAMP\nobclient> SELECT XMLCAST(XMLPARSE(CONTENT '<a>2023-04-01 15:13:00</a>') AS TIMESTAMP) AS RES FROM DUAL;\n+----------------------------+\n| RES                        |\n+----------------------------+\n| 2023-04-01 15:13:00.000000 |\n+----------------------------+\n1 row in set\n\n# 转换为 DATE\nobclient> SELECT XMLCAST(XMLPARSE(CONTENT '<a>2023-04-01 15:13:00</a>') AS DATE) AS RES FROM DUAL;\n+---------------------+\n| RES                 |\n+---------------------+\n| 2023-04-01 15:13:00 |\n+---------------------+\n1 row in set\n\n# 转换为 INTERVAL YEAR TO MONTH\nobclient> SELECT XMLCAST(XMLPARSE(CONTENT '<a>12-3</a>') AS INTERVAL YEAR(3) TO MONTH) AS RES FROM DUAL;\n+---------+\n| RES     |\n+---------+\n| +012-03 |\n+---------+\n1 row in set\n\n# 转换为 INTERVAL DAY TO SECOND\nobclient> SELECT XMLCAST(XMLPARSE(CONTENT '<a>140 5:12:10.2222222</a>') AS INTERVAL DAY(3) TO SECOND(7)) AS RES FROM DUAL;\n+-----------------------+\n| RES                   |\n+-----------------------+\n| +140 05:12:10.2222222 |\n+-----------------------+\n1 row in set\n\n"
    ],
    "Category": [
        "XML Functions"
    ]
}