{
    "HTML": [
        "https://www.oceanbase.com/docs/enterprise-oceanbase-database-cn-1000000000822876"
    ],
    "Title": [
        "COVAR_SAMP"
    ],
    "Feature": [
        "COVAR_SAMP(expr1, expr2) [ OVER (analytic_clause) ]\n"
    ],
    "Description": [
        "该函数用于计算一组数值对的样本协方差。可以将该函数用作聚合或分析函数。",
        "\n说明\n\n作为分析函数使用时，需要使用 OVER 子句定义窗口进行计算。它对一组行的集合进行计算并返回多个值。\n作为聚合函数使用时，该函数对一组行的集合进行聚合计算，结果只能返回一个值，此时不需要加 OVER 子句。\n\n",
        "\n\n\n参数\n说明\n\n\n\n\nexpr1\n指定第一个数值表达式，属于数值数据类型或可以隐式转换为数值数据类型的值。\n\n\nexpr2\n指定第二个数值表达式，属于数值数据类型或可以隐式转换为数值数据类型的值。\n\n\nOVER\n使用 OVER 子句定义窗口进行计算。详细信息请参见 分析函数说明。\n\n\n",
        "\n说明\n\n数据库确定具有最高数值优先级的参数，将其余参数隐式转换为该数据类型，并返回该数据类型。\n参数 expr1 和 expr2 的位置不影响返回结果，即 COVAR_POP(expr1, expr2) 等于 COVAR_POP(expr2, expr1)。\n返回结果计算公式为：(SUM(expr1 * expr2) - SUM(expr1) * SUM(expr2) / n) / (n-1)，其中 n 是（expr1,expr2）表达式对的数量，expr1 和 expr2 均不为空。\n\n",
        "如果有任意一个参数为空或只有一行数据，则返回 NULL；否则返回一个 NUMBER 类型的值。"
    ],
    "Examples": [
        "obclient> SELECT * FROM tbl1;\n+------+------+------+------+\n| COL1 | COL2 | COL3 | COL4 |\n+------+------+------+------+\n|    1 | A1   |    8 |   12 |\n|    1 | A2   |   10 |   15 |\n|    1 | A3   |   11 |   16 |\n|    2 | B1   |    9 |   14 |\n|    2 | B2   |   10 |   15 |\n|    2 | B3   |    8 |   13 |\n|    2 | B4   |   11 |   16 |\n|    3 | C1   |    8 |   18 |\n|    3 | C2   |    9 |   16 |\n|    3 | C3   |   10 |   15 |\n|    3 | C4   |   11 |   12 |\n|    3 | C5   |   12 |   10 |\n+------+------+------+------+\n12 rows in set\n",
        "obclient> SELECT COVAR_SAMP(col3,col4) FROM tbl1;\n+--------------------------------------------+\n| CORR(COL3,COL4)                            |\n+--------------------------------------------+\n| -.2705008904002296868793073195758520224002 |\n+--------------------------------------------+\n1 row in set\n",
        "obclient> SELECT col1,col3,col4,\n            COVAR_SAMP(col3,col4) OVER(PARTITION BY col1 ORDER BY col2) \"COVAR_SAMP\"\n          FROM tbl1;\n+------+------+------+-------------------------------------------+\n| COL1 | COL3 | COL4 | COVAR_SAMP                                |\n+------+------+------+-------------------------------------------+\n|    1 |    8 |   12 |                                      NULL |\n|    1 |   10 |   15 |                                         3 |\n|    1 |   11 |   16 |   3.1666666666666666666666666666666666665 |\n|    2 |    9 |   14 |                                      NULL |\n|    2 |   10 |   15 |                                        .5 |\n|    2 |    8 |   13 |                                         1 |\n|    2 |   11 |   16 |  1.66666666666666666666666666666666666667 |\n|    3 |    8 |   18 |                                      NULL |\n|    3 |    9 |   16 |                                        -1 |\n|    3 |   10 |   15 |                                      -1.5 |\n|    3 |   11 |   12 | -3.16666666666666666666666666666666666667 |\n|    3 |   12 |   10 |                                        -5 |\n+------+------+------+-------------------------------------------+\n12 rows in set\n"
    ],
    "Category": [
        "Aggregate Functions",
        "Analytic Functions"
    ]
}