{
    "HTML": [
        "https://www.oceanbase.com/docs/enterprise-oceanbase-database-cn-1000000000823495"
    ],
    "Title": [
        "JSON_ARRAY"
    ],
    "Feature": [
        "JSON_ARRAY (\n              [val [FORMAT JSON], val [FORMAT JSON] ...]\n                    [ABSENT|NULL ON NULL]\n              [RETURNING JSON | CLOB| BLOB| VARCAHR2| VARCHAR2[size]]\n              [STRICT] )\n"
    ],
    "Description": [
        "JSON_ARRAY() 函数计算一系列 SQL 标量表达式，将每个表达式转换为 JSON 值，并且构造一个包含这些 JSON 值的 JSON 数组。",
        "JSON_ARRAY() 可以指定参数表达式的计算结果为 JSON 对象、JSON 数组、数字文字、文本文字、日期、时间戳或 NULL。此函数将数字文字转换为 JSON 数字值，并将文本文字转换为 JSON 字符串值。日期和时间戳数据类型在生成的 JSON 对象或数组中打印为遵循 ISO 8601 日期格式的 JSON 字符串。"
    ],
    "Examples": [
        "# 使用嵌套表达式以及 NULL ON NULL 子句\nobclient> SELECT JSON_ARRAY (JSON_ARRAY(1,2,3),100,'California',null NULL ON NULL) \"JSON Array Example\"\n        FROM DUAL;\n+-----------------------------------+\n| JSON Array Example                |\n+-----------------------------------+\n| [\"[1,2,3]\",100,\"California\",null] |\n+-----------------------------------+\n1 row in set\n\n# ABSENT ON NULL 子句生效，结果里面没有 Null\nobclient> SELECT JSON_ARRAY( JSON_ARRAY(1,2,3),100,'California', null ABSENT ON NULL) \"JSON Array Example\"\n      FROM DUAL;\n+----------------------------------+\n| JSON Array Example               |\n+----------------------------------+\n| [\"[1, 2, 3]\", 100, \"California\"] |\n+----------------------------------+\n1 row in set\n\n# FORMAT JSON 子句生效，把当前表达式输入字符串当做 JSON 类型，输出结果没有被加'\\\"'\n\nobclient> SELECT JSON_ARRAY('{\"a\":\"a-value\", \"b\" : \"b-value\"}' format json RETURNING CLOB)\n    FROM DUAL;\n+--------------------------------------------------------------------+\n| JSON_ARRAY('{\"A\":\"A-VALUE\",\"B\":\"B-VALUE\"}'FORMATJSONRETURNINGCLOB) |\n+--------------------------------------------------------------------+\n| [{\"a\": \"a-value\", \"b\": \"b-value\"}]                                 |\n+--------------------------------------------------------------------+\n1 row in set\n\n# 输入中没有 FORMAT JSON, 输出字符串被加了'\\\"'\nobclient> SELECT JSON_ARRAY('{\"a\":\"a-value\", \"b\" : \"b-value\"}' RETURNING CLOB) FROM DUAL;\n+----------------------------------------------------------+\n| JSON_ARRAY('{\"A\":\"A-VALUE\",\"B\":\"B-VALUE\"}'RETURNINGCLOB) |\n+----------------------------------------------------------+\n| [\"{\\\"a\\\":\\\"a-value\\\", \\\"b\\\" : \\\"b-value\\\"}\"]             |\n+----------------------------------------------------------+\n1 row in set\n\n# 指定返回值类型为 VARCHAR2 类型\nobclient> SELECT JSON_ARRAY('{\"a\":\"a-value\", \"b\" : \"b-value\"}' format json RETURNING VARCHAR2)\n    FROM DUAL;\n+------------------------------------------------------------------------+\n| JSON_ARRAY('{\"A\":\"A-VALUE\",\"B\":\"B-VALUE\"}'FORMATJSONRETURNINGVARCHAR2) |\n+------------------------------------------------------------------------+\n| [{\"a\": \"a-value\", \"b\": \"b-value\"}]                                     |\n+------------------------------------------------------------------------+\n1 row in set\n"
    ],
    "Category": [
        "JSON Functions"
    ]
}