{
    "HTML": [
        "https://www.oceanbase.com/docs/enterprise-oceanbase-database-cn-1000000000822849"
    ],
    "Title": [
        "LAST_VALUE"
    ],
    "Feature": [
        "LAST_VALUE { (expr) [{RESPECT | IGNORE} NULLS ]\n            | (expr [{RESPECT | IGNORE} NULLS ])\n            }\nOVER (analytic_clause)\n"
    ],
    "Description": [
        "该函数是一个分析函数，用于返回一组有序值中的最后一个值。如果集合中的最后一个值为 NULL，则该函数将返回 NULL，除非您指定 IGNORE NULLS，此设置对数据致密化很有用。",
        "\n\n\n参数\n说明\n\n\n\n\nexpr\n指定序列。 注意 不能将 LAST_VALUE 或其他分析函数用于 expr 来嵌套分析函数。\n\n\n{RESPECT | IGNORE} NULLS\n表示是否忽略 NULL 值，为可选项。默认值为 RESPECT NULLS。 \n      \nRESPECT NULLS 表示不忽略 NULL 值。\nIGNORE NULLS 表示忽略 NULL 值。\n\n\n\nOVER\n使用 OVER 子句定义窗口进行计算。详细信息请参见 分析函数说明。\n\n\n",
        "返回值与 expr 的数据类型相同或返回 NULL。"
    ],
    "Examples": [
        "obclient> SELECT * FROM emp_msg;\n+--------+--------+------+------+\n| DEPTNO | ENAME  | SAL  | MGR  |\n+--------+--------+------+------+\n|     10 | CLARK  | 2750 | 7839 |\n|     10 | KING   | 5300 | NULL |\n|     10 | MILLER | 1600 | 7782 |\n|     20 | ADAMS  | 1400 | 7788 |\n|     20 | FORD   | 3300 | 7566 |\n|     20 | JONES  | 3275 | 7839 |\n|     20 | SCOTT  | 3300 | 7566 |\n|     20 | SMITH  | 1100 | 7902 |\n|     30 | ALLEN  | 1900 | 7698 |\n|     30 | BLAKE  | 3150 | 7839 |\n|     30 | JAMES  | 1250 | 7698 |\n|     30 | MARTIN | 1550 | 7698 |\n|     30 | TURNER | 1800 | 7698 |\n|     30 | WARD   | 1550 | 7698 |\n|     30 | SCLARK | 1750 | 7839 |\n+--------+--------+------+------+\n15 rows in set\n\nobclient> SELECT deptno,ename,sal,MGR,\n            LAST_VALUE ( MGR ) IGNORE NULLS OVER (ORDER BY sal ROWS BETWEEN UNBOUNDED PRECEDING AND UNBOUNDED FOLLOWING ) AS last_MGR\n    FROM emp_msg;\n+--------+--------+------+------+----------+\n| DEPTNO | ENAME  | SAL  | MGR  | LAST_MGR |\n+--------+--------+------+------+----------+\n|     20 | SMITH  | 1100 | 7902 | 7566     |\n|     30 | JAMES  | 1250 | 7698 | 7566     |\n|     20 | ADAMS  | 1400 | 7788 | 7566     |\n|     30 | MARTIN | 1550 | 7698 | 7566     |\n|     30 | WARD   | 1550 | 7698 | 7566     |\n|     10 | MILLER | 1600 | 7782 | 7566     |\n|     30 | SCLARK | 1750 | 7839 | 7566     |\n|     30 | TURNER | 1800 | 7698 | 7566     |\n|     30 | ALLEN  | 1900 | 7698 | 7566     |\n|     10 | CLARK  | 2750 | 7839 | 7566     |\n|     30 | BLAKE  | 3150 | 7839 | 7566     |\n|     20 | JONES  | 3275 | 7839 | 7566     |\n|     20 | FORD   | 3300 | 7566 | 7566     |\n|     20 | SCOTT  | 3300 | 7566 | 7566     |\n|     10 | KING   | 5300 | NULL | 7566     |\n+--------+--------+------+------+----------+\n15 rows in set\n"
    ],
    "Category": [
        "Analytic Functions"
    ]
}