{
    "HTML": [
        "https://www.oceanbase.com/docs/enterprise-oceanbase-database-cn-1000000000822831"
    ],
    "Title": [
        "LEAD"
    ],
    "Feature": [
        "LEAD { (value_expr [,offset [,default]]) [{ RESPECT|IGNORE } NULLS ]\n    | (value_expr [{ RESPECT|IGNORE } NULLS ] [,offset [,default] ])\n    }\nOVER([query_partition_clause] order_by_clause)\n"
    ],
    "Description": [
        "该函数是一个分析函数，功能是在查询中取出同一字段的后 offset 行的数据作为独立的列存在表中。这种操作可以代替表的自联接。",
        "\n\n\n参数\n说明\n\n\n\n\nvalue_expr\n指定需要查询的字段。 注意 不能使用 LEAD 函数或其他分析函数来嵌套 value_expr。\n\n\noffset\n指定查询 value_expr 的偏移量，一个大于零的整数。为可选项，默认值为 1。\n\n\ndefault\n指定没有符合条件的默认值。如果偏移量超出窗口的范围，则返回 default 的值。为可选项，默认值为 NULL。\n\n\n{RESPECT | IGNORE} NULLS\n表示是否忽略 NULL 值，为可选项。默认值为 RESPECT NULLS。 \n      \nRESPECT NULLS 表示不忽略 NULL 值。\nIGNORE NULLS 表示忽略 NULL 值。\n\n\n\nOVER\n使用 OVER 子句定义窗口进行计算。详细信息请参见 分析函数说明。\n\n\n",
        "返回的数据类型不限。"
    ],
    "Examples": [
        "obclient> SELECT * FROM emp_msg;\n+--------+--------+------+------+\n| DEPTNO | ENAME  | SAL  | MGR  |\n+--------+--------+------+------+\n|     10 | CLARK  | 2750 | 7839 |\n|     10 | KING   | 5300 | NULL |\n|     10 | MILLER | 1600 | 7782 |\n|     20 | ADAMS  | 1400 | 7788 |\n|     20 | FORD   | 3300 | 7566 |\n|     20 | JONES  | 3275 | 7839 |\n|     20 | SCOTT  | 3300 | 7566 |\n|     20 | SMITH  | 1100 | 7902 |\n|     30 | ALLEN  | 1900 | 7698 |\n|     30 | BLAKE  | 3150 | 7839 |\n|     30 | JAMES  | 1250 | 7698 |\n|     30 | MARTIN | 1550 | 7698 |\n|     30 | TURNER | 1800 | 7698 |\n|     30 | WARD   | 1550 | 7698 |\n|     30 | SCLARK | 1750 | 7839 |\n+--------+--------+------+------+\n15 rows in set\n\nobclient> SELECT  deptno, ename, sal, LEAD(ename,5,'XXX') OVER (ORDER BY ename desc) AS new_ename\n     FROM emp_msg;\n+--------+--------+------+-----------+\n| DEPTNO | ENAME  | SAL  | NEW_ENAME |\n+--------+--------+------+-----------+\n|     20 | ADAMS  | 1400 | JAMES     |\n|     30 | ALLEN  | 1900 | JONES     |\n|     30 | BLAKE  | 3150 | KING      |\n|     10 | CLARK  | 2750 | MARTIN    |\n|     20 | FORD   | 3300 | MILLER    |\n|     30 | JAMES  | 1250 | SCLARK    |\n|     20 | JONES  | 3275 | SCOTT     |\n|     10 | KING   | 5300 | SMITH     |\n|     30 | MARTIN | 1550 | TURNER    |\n|     10 | MILLER | 1600 | WARD      |\n|     30 | SCLARK | 1750 | XXX       |\n|     20 | SCOTT  | 3300 | XXX       |\n|     20 | SMITH  | 1100 | XXX       |\n|     30 | TURNER | 1800 | XXX       |\n|     30 | WARD   | 1550 | XXX       |\n+--------+--------+------+-----------+\n15 rows in set\n"
    ],
    "Category": [
        "Analytic Functions"
    ]
}