{
    "HTML": [
        "https://www.oceanbase.com/docs/enterprise-oceanbase-database-cn-1000000000822881"
    ],
    "Title": [
        "MEDIAN"
    ],
    "Feature": [
        "MEDIAN(expr) [ OVER (query_partition_clause) ]\n"
    ],
    "Description": [
        "该函数用于返回一组数值的中值，即将一组数值排序后返回居于中间的数值。如果参数集合中包含偶数个数值，该函数将返回位于中间的两个数的平均值。可以将其用作聚合或分析函数。",
        "\n说明\n\n作为分析函数使用时，需要使用 OVER 子句定义窗口进行计算。它对一组行的集合进行计算并返回多个值。\n作为聚合函数使用时，该函数对一组行的集合进行聚合计算，结果只能返回一个值，此时不需要加 OVER 子句。\n\n",
        "\n\n\n参数\n说明\n\n\n\n\nexpr\n指定要求中值的数组名称，参数类型属于数值数据类型或可以隐式转换为数字数据类型。\n\n\nOVER\n使用 OVER 子句定义窗口进行计算。详细信息请参见 分析函数说明。\n\n\n",
        "如果仅指定 expr，则该函数返回与参数的数值数据类型相同的数据类型。",
        "如果指定 OVER 子句，则数据库确定具有最高数值优先级的参数，将其余参数隐式转换为该数据类型，并返回该数据类型。"
    ],
    "Examples": [
        "obclient> CREATE TABLE tbl1(col1 INT,col2 varchar(10),col3 INT,col4 INT);\nQuery OK, 0 rows affected\n\nobclient> INSERT INTO tbl1 VALUES(1,'A1',8,12),(1,'A2',10,15),(1,'A3',11,16),\n            (2,'B1',9,14),(2,'B2',10,15),(2,'B3',8,13),(2,'B4',11,16),(3,'C1',8,18),\n            (3,'C2',9,16),(3,'C3',10,15),(3,'C4',11,12),(3,'C5',12,10);\nQuery OK, 12 rows affected\nRecords: 12  Duplicates: 0  Warnings: 0\n\nobclient> SELECT * FROM tbl1;\n+------+------+------+------+\n| COL1 | COL2 | COL3 | COL4 |\n+------+------+------+------+\n|    1 | A1   |    8 |   12 |\n|    1 | A2   |   10 |   15 |\n|    1 | A3   |   11 |   16 |\n|    2 | B1   |    9 |   14 |\n|    2 | B2   |   10 |   15 |\n|    2 | B3   |    8 |   13 |\n|    2 | B4   |   11 |   16 |\n|    3 | C1   |    8 |   18 |\n|    3 | C2   |    9 |   16 |\n|    3 | C3   |   10 |   15 |\n|    3 | C4   |   11 |   12 |\n|    3 | C5   |   12 |   10 |\n+------+------+------+------+\n12 rows in set\n",
        "obclient> SELECT MEDIAN(col4) FROM tbl1;\n+--------------+\n| MEDIAN(COL4) |\n+--------------+\n|           15 |\n+--------------+\n1 row in set\n",
        "obclient> SELECT col1,col4,MEDIAN(col4) OVER(PARTITION BY col1) \"MEDIAN\"\n FROM tbl1;\n+------+------+--------+\n| COL1 | COL4 | MEDIAN |\n+------+------+--------+\n|    1 |   12 |     15 |\n|    1 |   15 |     15 |\n|    1 |   16 |     15 |\n|    2 |   14 |   14.5 |\n|    2 |   15 |   14.5 |\n|    2 |   13 |   14.5 |\n|    2 |   16 |   14.5 |\n|    3 |   18 |     15 |\n|    3 |   16 |     15 |\n|    3 |   15 |     15 |\n|    3 |   12 |     15 |\n|    3 |   10 |     15 |\n+------+------+--------+\n12 rows in set\n"
    ],
    "Category": [
        "Aggregate Functions",
        "Analytic Functions"
    ]
}