{
    "HTML": [
        "https://www.oceanbase.com/docs/enterprise-oceanbase-database-cn-1000000000822844"
    ],
    "Title": [
        "NTH_VALUE"
    ],
    "Feature": [
        "NTH_VALUE (measure_expr, n)\n  [ FROM { FIRST | LAST } ][ { RESPECT | IGNORE } NULLS ]\nOVER (analytic_clause)\n"
    ],
    "Description": [
        "该函数功能是返回 analytic_clause 定义的窗口中第 n 行的 measure_expr 值。",
        "\n\n\n参数\n说明\n\n\n\n\nmeasure_expr\n指定返回数据的字段。\n\n\nn\n指定返回测量值的第 n 行。n 取值为正整数。 注意\n\n如果 n 是 NULL，函数将返回错误。\n如果 n 大于窗口内所有的行数，函数返回 NULL。\n\n\n\nFROM { FIRST | LAST }\n指定计算方向。为可选项，默认值为 FROM FIRST。 \n      \nFROM FIRST 表示从窗口的第一行开始计算。\nFROM LAST 表示最后一行开始计算。\n\n\n\n{RESPECT | IGNORE} NULLS\n表示是否忽略 NULL 值，为可选项。默认值为 RESPECT NULLS。 \n      \nRESPECT NULLS 表示不忽略 NULL 值。\nIGNORE NULLS 表示忽略 NULL 值。\n\n\n\nOVER\n使用 OVER 子句定义窗口进行计算。详细信息请参见 分析函数说明。\n\n\n",
        "返回值与参数 measure_expr 的数据类型相同。"
    ],
    "Examples": [
        "obclient> SELECT * FROM emp_msg;\n+--------+--------+------+------+\n| DEPTNO | ENAME  | SAL  | MGR  |\n+--------+--------+------+------+\n|     10 | CLARK  | 2750 | 7839 |\n|     10 | KING   | 5300 | NULL |\n|     10 | MILLER | 1600 | 7782 |\n|     20 | ADAMS  | 1400 | 7788 |\n|     20 | FORD   | 3300 | 7566 |\n|     20 | JONES  | 3275 | 7839 |\n|     20 | SCOTT  | 3300 | 7566 |\n|     20 | SMITH  | 1100 | 7902 |\n|     30 | ALLEN  | 1900 | 7698 |\n|     30 | BLAKE  | 3150 | 7839 |\n|     30 | JAMES  | 1250 | 7698 |\n|     30 | MARTIN | 1550 | 7698 |\n|     30 | TURNER | 1800 | 7698 |\n|     30 | WARD   | 1550 | 7698 |\n|     30 | SCLARK | 1750 | 7839 |\n+--------+--------+------+------+\n15 rows in set\n\nobclient> SELECT deptno,ename,sal,\n               NTH_VALUE(sal,4) OVER (PARTITION BY deptno ORDER BY sal DESC\n               ROWS BETWEEN UNBOUNDED PRECEDING AND UNBOUNDED FOLLOWING) AS third_most_sal\n      FROM emp_msg\n      ORDER BY deptno,sal DESC;\n+--------+--------+------+----------------+\n| DEPTNO | ENAME  | SAL  | THIRD_MOST_SAL |\n+--------+--------+------+----------------+\n|     10 | KING   | 5300 |           NULL |\n|     10 | CLARK  | 2750 |           NULL |\n|     10 | MILLER | 1600 |           NULL |\n|     20 | FORD   | 3300 |           1400 |\n|     20 | SCOTT  | 3300 |           1400 |\n|     20 | JONES  | 3275 |           1400 |\n|     20 | ADAMS  | 1400 |           1400 |\n|     20 | SMITH  | 1100 |           1400 |\n|     30 | BLAKE  | 3150 |           1750 |\n|     30 | ALLEN  | 1900 |           1750 |\n|     30 | TURNER | 1800 |           1750 |\n|     30 | SCLARK | 1750 |           1750 |\n|     30 | MARTIN | 1550 |           1750 |\n|     30 | WARD   | 1550 |           1750 |\n|     30 | JAMES  | 1250 |           1750 |\n+--------+--------+------+----------------+\n15 rows in set\n"
    ],
    "Category": [
        "Analytic Functions"
    ]
}