{
    "HTML": [
        "https://www.oceanbase.com/docs/enterprise-oceanbase-database-cn-1000000000822875"
    ],
    "Title": [
        "AVG"
    ],
    "Feature": [
        "AVG([ DISTINCT | UNIQUE | ALL ] expr) [ OVER (analytic_clause) ]\n"
    ],
    "Description": [
        "该函数将数值类型或者可以转换成数值类型的表达式作为参数求平均值。可以将其用作聚合或分析函数。",
        "\n说明\n\n作为分析函数使用时，需要使用 OVER 子句定义窗口进行计算。它对一组行的集合进行计算并返回多个值。\n作为聚合函数使用时，该函数对一组行的集合进行聚合计算，结果只能返回一个值，此时不需要加 OVER 子句。\n\n",
        "\n\n\n参数\n说明\n\n\n\n\nDISTINCT | UNIQUE | ALL\n查询时是否去重。为可选项，默认值 ALL。 \n      \nALL：查询时不去除数据中的重复值，且忽略数据中的 NULL 值。\nDISTINCT：查询时去除数据中的重复值，且忽略数据中的 NULL 值。\nUNIQUE：查询时去除数据中的重复值，且忽略数据中的 NULL 值。\n\n\n\nexpr\n指定要计算的列名。列的数据类型是数值类型或者可以转换成数值类型的表达式。数值类型可以为 NUMBER、FLOAT、BINARY_FLOAT 或 BINARY_DOUBLE。\n\n\nOVER\n使用 OVER 子句定义窗口进行计算。详细信息请参见 分析函数说明。\n\n\n",
        "\n注意\n如果您指定了 DISTINCT 或 UNIQUE 关键字，则 analytic_clause 中不允许出现 order_by_clause 和 windowing_clause。\n",
        "返回值与参数 expr 的数据类型相同。"
    ],
    "Examples": [
        "obclient> CREATE TABLE tbl1 (col1 INT,col2 varchar(10),col3 INT);\nQuery OK, 0 rows affected\n\nobclient> INSERT INTO tbl1 VALUES (1,'a',5),(1,'b',10),(1,'c',15),\n    (2,'d',20),(2,'e',18),(2,'f',12),(3,'a',10),\n    (3,'b',15),(4,'c',15),(4,'a',8);\nQuery OK, 10 rows affected\nRecords: 10  Duplicates: 0  Warnings: 0\n\nobclient> SELECT * FROM tbl1;\n+------+------+------+\n| COL1 | COL2 | COL3 |\n+------+------+------+\n|    1 | a    |    5 |\n|    1 | b    |   10 |\n|    1 | c    |   15 |\n|    2 | d    |   20 |\n|    2 | e    |   18 |\n|    2 | f    |   12 |\n|    3 | a    |   10 |\n|    3 | b    |   15 |\n|    4 | c    |   15 |\n|    4 | a    |    8 |\n+------+------+------+\n10 rows in set\n",
        "obclient> SELECT AVG(col3) FROM tbl1;\n+-----------+\n| AVG(COL3) |\n+-----------+\n|      12.8 |\n+-----------+\n1 row in set\n",
        "obclient> SELECT col1,col2,col3, AVG(col3)\n              OVER (PARTITION BY col1 ORDER BY col2 ROWS BETWEEN 1 PRECEDING AND 1 FOLLOWING) AS over_col2\n          FROM tbl1\n          ORDER BY col1,col2,col3;\n+------+------+------+-------------------------------------------+\n| COL1 | COL2 | COL3 | OVER_COL2                                 |\n+------+------+------+-------------------------------------------+\n|    1 | a    |    5 |                                       7.5 |\n|    1 | b    |   10 |                                        10 |\n|    1 | c    |   15 |                                      12.5 |\n|    2 | d    |   20 |                                        19 |\n|    2 | e    |   18 | 16.66666666666666666666666666666666666667 |\n|    2 | f    |   12 |                                        15 |\n|    3 | a    |   10 |                                      12.5 |\n|    3 | b    |   15 |                                      12.5 |\n|    4 | a    |    8 |                                      11.5 |\n|    4 | c    |   15 |                                      11.5 |\n+------+------+------+-------------------------------------------+\n10 rows in set\n"
    ],
    "Category": [
        "Aggregate Functions",
        "Analytic Functions"
    ]
}